PrecinctCode,PrecinctName,CountyCouncil,LegislativeDistrict,CongressionalDistrict,SeattleCouncilDistrict
3562,ADAIR,3,45,8,
2381,ALDARRA,3,12,8,
3400,ALDER SPRINGS,3,45,8,
0010,ALDERWOOD,3,45,8,
0013,ALG 30-0013,7,30,9,
0014,ALG 30-0014,7,30,9,
3141,ALG 30-3141,7,30,9,
2383,ALPINE,3,12,8,
2652,AMES LAKE,3,45,8,
0022,ANGEL CITY,2,37,9,
2384,ANGELO,7,30,9,
3763,ANNIE,7,30,9,
3769,AQUA,8,34,7,
3459,ARIA,9,11,9,
0037,ARTHUR,9,5,8,
3641,ASPEN GLEN,3,45,8,
0046,AUB 30-0046,7,30,9,
0050,AUB 30-0050,7,30,9,
0053,AUB 30-0053,7,30,9,
0054,AUB 30-0054,7,30,8,
0067,AUB 30-0067,7,30,9,
0070,AUB 30-0070,7,30,9,
0081,AUB 30-0081,7,30,9,
2702,AUB 30-2702,7,30,9,
2703,AUB 30-2703,7,30,8,
3476,AUB 30-3476,7,30,9,
3812,AUB 30-3812,7,30,9,
0042,AUB 31-0042,7,31,8,
0051,AUB 31-0051,7,31,8,
0058,AUB 31-0058,7,31,8,
0062,AUB 31-0062,7,31,8,
0063,AUB 31-0063,7,31,8,
0064,AUB 31-0064,7,31,8,
0065,AUB 31-0065,7,31,8,
0069,AUB 31-0069,7,31,8,
0080,AUB 31-0080,7,31,8,
0082,AUB 31-0082,7,31,8,
0083,AUB 31-0083,7,31,8,
3299,AUB 31-3299,7,31,8,
3335,AUB 31-3335,7,31,8,
3405,AUB 31-3405,7,31,8,
3800,AUB 31-3800,7,31,8,
0041,AUB 47-0041,7,47,9,
0045,AUB 47-0045,7,47,9,
0047,AUB 47-0047,7,47,9,
0049,AUB 47-0049,7,47,9,
0055,AUB 47-0055,7,47,9,
0059,AUB 47-0059,7,47,9,
0072,AUB 47-0072,7,47,9,
0073,AUB 47-0073,7,47,9,
0074,AUB 47-0074,7,47,9,
0078,AUB 47-0078,7,47,9,
0328,AUB 47-0328,7,47,8,
0671,AUB 47-0671,7,47,8,
1066,AUB 47-1066,7,47,9,
2478,AUB 47-2478,7,47,9,
2551,AUB 47-2551,7,47,9,
2573,AUB 47-2573,7,47,9,
2700,AUB 47-2700,7,47,9,
2701,AUB 47-2701,7,47,9,
2723,AUB 47-2723,7,47,9,
2729,AUB 47-2729,7,47,9,
2839,AUB 47-2839,7,47,9,
3187,AUB 47-3187,7,47,8,
3260,AUB 47-3260,7,47,9,
3276,AUB 47-3276,7,47,8,
3324,AUB 47-3324,7,47,8,
3413,AUB 47-3413,7,47,8,
3455,AUB 47-3455,7,47,9,
3456,AUB 47-3456,7,47,8,
3518,AUB 47-3518,7,47,9,
3538,AUB 47-3538,7,47,9,
3539,AUB 47-3539,7,47,9,
3585,AUB 47-3585,7,47,8,
3591,AUB 47-3591,7,47,9,
3635,AUB 47-3635,7,47,8,
3718,AUB 47-3718,7,47,9,
3765,AUB 47-3765,7,47,8,
3790,AUB 47-3790,7,47,9,
3828,AUB 47-3828,7,47,9,
3830,AUB 47-3830,7,47,9,
3831,AUB 47-3831,7,47,8,
3846,AUB 47-3846,7,47,9,
3848,AUB 47-3848,7,47,8,
3880,AUTUMN,8,34,7,
0089,AVALON,7,30,9,
0091,AVONDALE,3,45,8,
3334,BACUS,3,12,8,
0093,BAKER,8,34,7,
0239,B-D 05-0239,9,5,8,
0240,B-D 05-0240,9,5,8,
2407,B-D 05-2407,9,5,8,
2413,B-D 05-2413,9,5,8,
3310,B-D 05-3310,9,5,8,
3463,B-D 05-3463,9,5,8,
3849,B-D 05-3849,9,5,8,
3976,B-D 05-3976,9,5,8,
0099,BEA 41-0099,6,41,9,
0098,BEAR CREEK,3,48,8,
0011,BEL 41-0011,9,41,9,
0017,BEL 41-0017,9,41,9,
0101,BEL 41-0101,9,41,9,
0102,BEL 41-0102,9,41,9,
0103,BEL 41-0103,9,41,9,
0106,BEL 41-0106,6,41,9,
0108,BEL 41-0108,6,41,9,
0109,BEL 41-0109,6,41,9,
0110,BEL 41-0110,6,41,9,
0111,BEL 41-0111,6,41,9,
0112,BEL 41-0112,9,41,9,
0113,BEL 41-0113,6,41,9,
0114,BEL 41-0114,6,41,9,
0116,BEL 41-0116,6,41,9,
0117,BEL 41-0117,6,41,9,
0119,BEL 41-0119,6,41,9,
0120,BEL 41-0120,6,41,9,
0121,BEL 41-0121,6,41,1,
0122,BEL 41-0122,6,41,9,
0123,BEL 41-0123,9,41,9,
0124,BEL 41-0124,6,41,9,
0129,BEL 41-0129,6,41,9,
0131,BEL 41-0131,6,41,9,
0135,BEL 41-0135,6,41,9,
0136,BEL 41-0136,6,41,9,
0138,BEL 41-0138,6,41,9,
0140,BEL 41-0140,6,41,9,
0142,BEL 41-0142,6,41,9,
0143,BEL 41-0143,6,41,9,
0144,BEL 41-0144,6,41,9,
0146,BEL 41-0146,6,41,9,
0147,BEL 41-0147,6,41,9,
0149,BEL 41-0149,6,41,9,
0151,BEL 41-0151,6,41,9,
0167,BEL 41-0167,6,41,1,
0168,BEL 41-0168,6,41,1,
0169,BEL 41-0169,6,41,1,
0170,BEL 41-0170,6,41,9,
0171,BEL 41-0171,6,41,9,
0175,BEL 41-0175,6,41,9,
0176,BEL 41-0176,6,41,9,
0177,BEL 41-0177,6,41,9,
0180,BEL 41-0180,6,41,9,
0207,BEL 41-0207,6,41,1,
0210,BEL 41-0210,6,41,1,
0305,BEL 41-0305,9,41,9,
0333,BEL 41-0333,9,41,9,
0408,BEL 41-0408,6,41,9,
0460,BEL 41-0460,9,41,9,
0472,BEL 41-0472,9,41,9,
0475,BEL 41-0475,9,41,9,
0505,BEL 41-0505,9,41,9,
0518,BEL 41-0518,9,41,9,
0658,BEL 41-0658,9,41,9,
0694,BEL 41-0694,6,41,9,
0733,BEL 41-0733,9,41,9,
0815,BEL 41-0815,9,41,9,
1023,BEL 41-1023,6,41,9,
1026,BEL 41-1026,9,41,9,
1049,BEL 41-1049,6,41,9,
1052,BEL 41-1052,9,41,9,
1235,BEL 41-1235,9,41,9,
2386,BEL 41-2386,9,41,9,
2412,BEL 41-2412,6,41,9,
2428,BEL 41-2428,6,41,9,
2429,BEL 41-2429,9,41,9,
2447,BEL 41-2447,9,41,9,
2484,BEL 41-2484,9,41,9,
2554,BEL 41-2554,9,41,9,
2556,BEL 41-2556,9,41,9,
2559,BEL 41-2559,6,41,9,
2621,BEL 41-2621,6,41,9,
2714,BEL 41-2714,9,41,9,
2719,BEL 41-2719,9,41,9,
2812,BEL 41-2812,9,41,9,
2906,BEL 41-2906,9,41,9,
2935,BEL 41-2935,9,41,9,
2936,BEL 41-2936,9,41,9,
2943,BEL 41-2943,9,41,9,
2945,BEL 41-2945,9,41,9,
2970,BEL 41-2970,9,41,9,
3144,BEL 41-3144,6,41,9,
3225,BEL 41-3225,9,41,9,
3226,BEL 41-3226,9,41,9,
3278,BEL 41-3278,9,41,9,
3291,BEL 41-3291,9,41,9,
3292,BEL 41-3292,6,41,9,
3312,BEL 41-3312,9,41,9,
3330,BEL 41-3330,6,41,9,
3370,BEL 41-3370,9,41,9,
3371,BEL 41-3371,9,41,9,
3498,BEL 41-3498,6,41,9,
3583,BEL 41-3583,9,41,9,
3621,BEL 41-3621,9,41,9,
3657,BEL 41-3657,9,41,9,
3671,BEL 41-3671,9,41,9,
3680,BEL 41-3680,9,41,9,
3684,BEL 41-3684,9,41,9,
3851,BEL 41-3851,9,41,9,
3861,BEL 41-3861,9,41,9,
0125,BEL 48-0125,6,48,1,
0126,BEL 48-0126,6,48,1,
0127,BEL 48-0127,6,48,9,
0128,BEL 48-0128,6,48,9,
0132,BEL 48-0132,6,48,9,
0133,BEL 48-0133,6,48,9,
0134,BEL 48-0134,6,48,9,
0153,BEL 48-0153,6,48,1,
0154,BEL 48-0154,6,48,1,
0156,BEL 48-0156,6,48,1,
0159,BEL 48-0159,6,48,1,
0160,BEL 48-0160,6,48,1,
0162,BEL 48-0162,6,48,1,
0165,BEL 48-0165,6,48,1,
0166,BEL 48-0166,6,48,1,
0178,BEL 48-0178,6,48,1,
0179,BEL 48-0179,6,48,9,
0186,BEL 48-0186,6,48,1,
0188,BEL 48-0188,6,48,1,
0189,BEL 48-0189,6,48,1,
0190,BEL 48-0190,6,48,1,
0191,BEL 48-0191,6,48,1,
0192,BEL 48-0192,6,48,1,
0193,BEL 48-0193,6,48,1,
0194,BEL 48-0194,6,48,1,
0196,BEL 48-0196,6,48,1,
0198,BEL 48-0198,6,48,1,
0201,BEL 48-0201,6,48,1,
0203,BEL 48-0203,6,48,1,
0205,BEL 48-0205,6,48,1,
0206,BEL 48-0206,6,48,1,
0211,BEL 48-0211,6,48,9,
0212,BEL 48-0212,6,48,1,
0213,BEL 48-0213,6,48,1,
0216,BEL 48-0216,6,48,1,
0217,BEL 48-0217,6,48,1,
0218,BEL 48-0218,6,48,1,
0219,BEL 48-0219,6,48,9,
0220,BEL 48-0220,6,48,9,
0221,BEL 48-0221,6,48,1,
0223,BEL 48-0223,6,48,1,
0224,BEL 48-0224,6,48,1,
0225,BEL 48-0225,6,48,1,
0226,BEL 48-0226,6,48,1,
0227,BEL 48-0227,6,48,1,
2430,BEL 48-2430,6,48,9,
2432,BEL 48-2432,6,48,1,
2434,BEL 48-2434,6,48,1,
2715,BEL 48-2715,6,48,1,
2716,BEL 48-2716,6,48,1,
2772,BEL 48-2772,6,48,1,
2773,BEL 48-2773,6,48,1,
2774,BEL 48-2774,6,48,1,
2775,BEL 48-2775,6,48,1,
2776,BEL 48-2776,6,48,1,
2782,BEL 48-2782,6,48,9,
3140,BEL 48-3140,6,48,9,
3143,BEL 48-3143,6,48,1,
3166,BEL 48-3166,6,48,1,
3593,BEL 48-3593,6,48,1,
3608,BEL 48-3608,6,48,1,
3658,BEL 48-3658,6,48,1,
3674,BEL 48-3674,6,48,1,
3675,BEL 48-3675,6,48,1,
3695,BEL 48-3695,6,48,1,
3759,BEL 48-3759,6,48,1,
3761,BEL 48-3761,6,48,1,
3827,BEL 48-3827,6,48,1,
3878,BEL 48-3878,6,48,1,
3984,BEND,3,12,8,
3891,BENNETT,2,37,9,
3989,BERGEN,9,5,8,
0231,BERNICE,8,34,7,
3304,BERRYDALE,9,47,8,
0233,BETTY,2,37,9,
2653,BIG BEND,3,45,8,
3707,BIG LEAF,3,45,8,
0236,BILOXI,8,34,7,
3576,BINGAMAN,7,30,9,
3294,BITTERROOT,9,5,8,
3489,BLACK RIVER,2,37,9,
0252,BOT 01-0252,1,1,1,
0253,BOT 01-0253,1,1,1,
0254,BOT 01-0254,1,1,1,
0255,BOT 01-0255,1,1,1,
0256,BOT 01-0256,1,1,1,
0257,BOT 01-0257,1,1,1,
0258,BOT 01-0258,1,1,1,
0259,BOT 01-0259,1,1,1,
0260,BOT 01-0260,1,1,1,
0261,BOT 01-0261,1,1,1,
0262,BOT 01-0262,1,1,1,
0868,BOT 01-0868,1,1,1,
1207,BOT 01-1207,1,1,1,
1224,BOT 01-1224,1,1,1,
2473,BOT 01-2473,1,1,1,
2495,BOT 01-2495,1,1,1,
2676,BOT 01-2676,3,1,1,
2677,BOT 01-2677,1,1,1,
2865,BOT 01-2865,1,1,1,
3195,BOT 01-3195,1,1,1,
3271,BOT 01-3271,1,1,1,
3321,BOT 01-3321,1,1,1,
3398,BOT 01-3398,1,1,1,
3420,BOT 01-3420,1,1,1,
3620,BOT 01-3620,1,1,1,
3661,BOT 01-3661,1,1,1,
3724,BOT 01-3724,1,1,1,
3726,BOT 01-3726,3,1,1,
3727,BOT 01-3727,1,1,1,
3814,BOT 01-3814,1,1,1,
3881,BOT 01-3881,1,1,1,
3882,BOT 01-3882,1,1,1,
2689,BRIAR,9,5,8,
3525,BRIARWOOD,9,5,8,
3355,BRIDLE TRAILS,6,48,1,
2802,BRIGID,9,11,9,
2832,BRINN,9,5,8,
2720,BRITTANY,7,30,9,
0271,BROKEN HILL,2,37,9,
2456,BRONSON,3,45,8,
2654,BROOKSIDE,3,45,8,
2783,BROOKTRAILS,3,45,8,
2389,BRYAN,9,47,8,
0273,BRYN MAWR,2,37,9,
0009,BUR 33-0009,8,33,7,
0025,BUR 33-0025,8,33,7,
0094,BUR 33-0094,8,33,7,
0251,BUR 33-0251,8,33,7,
0289,BUR 33-0289,8,33,7,
0295,BUR 33-0295,8,33,7,
0298,BUR 33-0298,8,33,7,
0311,BUR 33-0311,8,33,7,
0344,BUR 33-0344,8,33,7,
0377,BUR 33-0377,8,33,7,
0381,BUR 33-0381,8,33,7,
0402,BUR 33-0402,8,33,7,
0465,BUR 33-0465,8,33,7,
0476,BUR 33-0476,8,33,7,
0489,BUR 33-0489,8,33,7,
0562,BUR 33-0562,8,33,7,
0699,BUR 33-0699,8,33,7,
0701,BUR 33-0701,8,33,7,
0710,BUR 33-0710,8,33,7,
0729,BUR 33-0729,8,33,7,
0824,BUR 33-0824,8,33,7,
0848,BUR 33-0848,8,33,7,
0957,BUR 33-0957,8,33,7,
1032,BUR 33-1032,8,33,7,
1057,BUR 33-1057,8,33,7,
1059,BUR 33-1059,8,33,7,
1067,BUR 33-1067,8,33,7,
1116,BUR 33-1116,8,33,7,
1136,BUR 33-1136,8,33,7,
1150,BUR 33-1150,8,33,7,
1192,BUR 33-1192,8,33,7,
1219,BUR 33-1219,8,33,7,
3716,BUR 33-3716,8,33,7,
3752,BUR 33-3752,8,33,7,
3771,BUR 33-3771,8,33,7,
3792,BUR 33-3792,8,33,7,
3801,BUR 33-3801,8,33,7,
3855,BUR 33-3855,8,33,7,
3964,BUR 33-3964,8,33,7,
0033,BUR 34-0033,8,34,7,
0485,BUR 34-0485,8,34,7,
0560,BUR 34-0560,8,34,7,
0705,BUR 34-0705,8,34,7,
0805,BUR 34-0805,8,34,7,
0818,BUR 34-0818,8,34,7,
0900,BUR 34-0900,8,34,7,
0913,BUR 34-0913,8,34,7,
1047,BUR 34-1047,8,34,7,
1058,BUR 34-1058,8,34,7,
1064,BUR 34-1064,8,34,7,
1082,BUR 34-1082,8,34,7,
1104,BUR 34-1104,8,34,7,
1189,BUR 34-1189,8,34,7,
3852,BUR 34-3852,8,34,7,
3853,BUR 34-3853,8,34,7,
3884,BUR 34-3884,8,34,7,
0278,BURTON,8,34,7,
2721,CADDIS,7,30,9,
0280,CALHOUN,9,47,8,
0282,CAMELOT,7,30,9,
0283,CAMPBELL HILL,2,37,9,
3396,CANDLEWOOD,9,11,9,
0290,CAR 12-0290,3,12,8,
3290,CAR 12-3290,3,12,8,
0292,CARPENTER,8,34,7,
2705,CARRIAGE,9,11,9,
0293,CARRIAGE LANE,9,11,9,
3791,CASCARA,3,45,8,
0300,CEDAR PARK,9,5,8,
0301,CEDAR RIVER,9,5,8,
0321,C-H 48-0321,6,48,1,
0322,C-H 48-0322,6,48,1,
0323,C-H 48-0323,6,48,1,
0324,C-H 48-0324,6,48,1,
0325,C-H 48-0325,6,48,1,
0326,C-H 48-0326,6,48,1,
0310,CHAUTAUQUA,8,34,7,
0314,CHERRY VALLEY,3,12,8,
0315,CHINOOK,9,31,8,
2480,CHURCHILL,3,45,8,
2391,CLAY,9,47,8,
0318,CLEVELAND,3,45,1,
0320,CLOVER,9,47,8,
0327,COALFIELD,9,5,8,
2803,COLLEEN,9,5,8,
0330,COLVOS,8,34,7,
0331,CONNAUGHT,8,34,7,
3333,COOPER,3,12,8,
0336,CORNELL,2,37,9,
2725,CORWIN,3,45,8,
0338,COTTAGE LAKE,3,45,8,
0339,COUGAR MTN,9,5,8,
0279,COV 47-0279,9,47,8,
0313,COV 47-0313,9,47,8,
0566,COV 47-0566,9,47,8,
1127,COV 47-1127,9,47,8,
1145,COV 47-1145,9,47,8,
1153,COV 47-1153,9,47,8,
1203,COV 47-1203,9,47,8,
2390,COV 47-2390,9,47,8,
2586,COV 47-2586,9,47,8,
2711,COV 47-2711,9,47,8,
2843,COV 47-2843,9,47,8,
2982,COV 47-2982,9,47,8,
3244,COV 47-3244,9,47,8,
3279,COV 47-3279,9,47,8,
3365,COV 47-3365,9,47,8,
3517,COV 47-3517,9,47,8,
3551,COV 47-3551,9,47,8,
3581,COV 47-3581,9,47,8,
3597,COV 47-3597,9,47,8,
3713,COV 47-3713,9,47,8,
3795,COV 47-3795,9,47,8,
3799,COV 47-3799,9,47,8,
3854,COV 47-3854,9,47,8,
3856,COV 47-3856,9,47,8,
3885,COV 47-3885,9,47,8,
0342,COVE,8,34,7,
3339,CROSS,8,34,7,
3468,CROW,9,5,8,
3883,CRYSTAL,7,30,9,
0348,CUMBERLAND,9,5,8,
2980,CYPRESS,7,30,9,
2804,DANIEL,9,5,8,
3269,DARWOOD,9,5,8,
0358,DENVER,7,30,9,
3843,DERRYHURST,9,5,8,
0954,DES 30-0954,5,30,9,
1227,DES 30-1227,5,30,9,
3888,DES 30-3888,5,30,9,
3973,DES 30-3973,5,30,9,
0016,DES 33-0016,5,33,9,
0272,DES 33-0272,5,33,9,
0297,DES 33-0297,5,33,9,
0360,DES 33-0360,5,33,9,
0361,DES 33-0361,5,33,9,
0362,DES 33-0362,5,33,9,
0363,DES 33-0363,5,33,9,
0364,DES 33-0364,5,33,9,
0366,DES 33-0366,5,33,9,
0367,DES 33-0367,5,33,9,
0437,DES 33-0437,5,33,9,
0532,DES 33-0532,5,33,9,
0668,DES 33-0668,5,33,9,
0682,DES 33-0682,5,33,9,
0864,DES 33-0864,5,33,9,
0911,DES 33-0911,5,33,9,
1071,DES 33-1071,5,33,9,
1078,DES 33-1078,5,33,9,
1146,DES 33-1146,5,33,9,
2394,DES 33-2394,5,33,9,
2395,DES 33-2395,5,33,9,
2416,DES 33-2416,5,33,9,
2455,DES 33-2455,5,33,9,
2623,DES 33-2623,5,33,9,
2625,DES 33-2625,5,33,9,
2626,DES 33-2626,5,33,9,
2627,DES 33-2627,5,33,9,
2637,DES 33-2637,5,33,9,
2671,DES 33-2671,5,33,9,
2672,DES 33-2672,5,33,9,
2673,DES 33-2673,5,33,9,
2674,DES 33-2674,5,33,9,
2820,DES 33-2820,5,33,9,
3131,DES 33-3131,5,33,9,
3889,DES 33-3889,5,33,9,
3893,DES 33-3893,5,33,9,
3273,DEVILLE,7,30,9,
3610,DIAMOND,9,47,8,
0370,DILWORTH,8,34,7,
3201,DIPPER,3,12,8,
0371,DOCKTON,8,34,7,
0373,DOLLOFF,7,30,9,
0374,DOLPHIN,8,34,7,
0379,DORRE DON,9,5,8,
3221,DOUGLAS,3,45,8,
3842,DURHAM,9,5,8,
3205,DUTHIE HILL,3,5,8,
0389,DUV 45-0389,3,45,8,
2959,DUV 45-2959,3,45,8,
3218,DUV 45-3218,3,45,8,
3219,DUV 45-3219,3,45,8,
3481,DUV 45-3481,3,45,8,
3502,DUV 45-3502,3,45,8,
3642,DUV 45-3642,3,45,8,
3741,DUV 45-3741,3,45,8,
3742,DUV 45-3742,3,45,8,
3565,EAGLE,3,5,8,
0392,EARLINGTON,2,37,9,
3623,EASTRIDGE,3,45,8,
0395,EASTWOOD,9,5,8,
8888,ELECTIONS OFFICE,,,9,
2563,ELIZABETH,9,11,9,
3283,ELSIE,3,45,8,
0834,ELSOM,3,1,8,
3414,ENM 05-3414,9,5,8,
0409,ENM 31-0409,9,31,8,
0410,ENM 31-0410,9,31,8,
0411,ENM 31-0411,9,31,8,
0413,ENM 31-0413,9,31,8,
0415,ENM 31-0415,9,31,8,
0416,ENM 31-0416,9,31,8,
0417,ENM 31-0417,9,31,8,
0418,ENM 31-0418,9,31,8,
0419,ENM 31-0419,9,31,8,
3246,ENM 31-3246,9,31,8,
3247,ENM 31-3247,9,31,8,
3248,ENM 31-3248,9,31,8,
3492,ENM 31-3492,9,31,8,
3834,ENM 31-3834,9,31,8,
3890,ENM 31-3890,9,31,8,
3994,ENM 31-3994,9,31,8,
3965,EVANS,3,48,8,
0426,EVERGREEN,8,34,7,
0427,EXCALIBUR,7,30,9,
2565,FAIRGLEN,9,11,8,
2459,FAIRHAVEN,9,11,8,
2707,FAIRMONT,9,11,8,
3526,FAIRMONT GLEN,9,11,8,
2441,FAIRVILLE,9,11,9,
2399,FAIRWEATHER,9,11,9,
0430,FAIRWOOD,9,11,9,
3186,FALCON,9,5,8,
0432,FALL CITY,3,12,8,
2837,FARLEY,9,5,8,
2988,FED 30-2988,7,30,9,
2990,FED 30-2990,7,30,9,
2991,FED 30-2991,7,30,9,
2992,FED 30-2992,7,30,9,
2993,FED 30-2993,7,30,9,
2994,FED 30-2994,7,30,9,
2995,FED 30-2995,7,30,9,
2996,FED 30-2996,7,30,9,
2999,FED 30-2999,7,30,9,
3000,FED 30-3000,7,30,9,
3001,FED 30-3001,7,30,9,
3002,FED 30-3002,7,30,9,
3003,FED 30-3003,7,30,9,
3004,FED 30-3004,7,30,9,
3005,FED 30-3005,7,30,9,
3006,FED 30-3006,7,30,9,
3007,FED 30-3007,7,30,9,
3008,FED 30-3008,7,30,9,
3010,FED 30-3010,7,30,9,
3011,FED 30-3011,7,30,9,
3012,FED 30-3012,7,30,9,
3013,FED 30-3013,7,30,9,
3014,FED 30-3014,7,30,9,
3015,FED 30-3015,7,30,9,
3017,FED 30-3017,7,30,9,
3018,FED 30-3018,7,30,9,
3019,FED 30-3019,7,30,9,
3020,FED 30-3020,7,30,9,
3021,FED 30-3021,7,30,9,
3022,FED 30-3022,7,30,9,
3023,FED 30-3023,7,30,9,
3024,FED 30-3024,7,30,9,
3025,FED 30-3025,7,30,9,
3026,FED 30-3026,7,30,9,
3027,FED 30-3027,7,30,9,
3028,FED 30-3028,7,30,9,
3029,FED 30-3029,7,30,9,
3030,FED 30-3030,7,30,9,
3031,FED 30-3031,7,30,9,
3032,FED 30-3032,7,30,9,
3033,FED 30-3033,7,30,9,
3034,FED 30-3034,7,30,9,
3035,FED 30-3035,7,30,9,
3036,FED 30-3036,7,30,9,
3037,FED 30-3037,7,30,9,
3038,FED 30-3038,7,30,9,
3039,FED 30-3039,7,30,9,
3040,FED 30-3040,7,30,9,
3041,FED 30-3041,7,30,9,
3042,FED 30-3042,7,30,9,
3043,FED 30-3043,7,30,9,
3044,FED 30-3044,7,30,9,
3045,FED 30-3045,7,30,9,
3046,FED 30-3046,7,30,9,
3047,FED 30-3047,7,30,9,
3048,FED 30-3048,7,30,9,
3049,FED 30-3049,7,30,9,
3050,FED 30-3050,7,30,9,
3051,FED 30-3051,7,30,9,
3052,FED 30-3052,7,30,9,
3053,FED 30-3053,7,30,9,
3054,FED 30-3054,7,30,9,
3055,FED 30-3055,7,30,9,
3056,FED 30-3056,7,30,9,
3077,FED 30-3077,7,30,9,
3078,FED 30-3078,7,30,9,
3079,FED 30-3079,7,30,9,
3080,FED 30-3080,7,30,9,
3085,FED 30-3085,7,30,9,
3086,FED 30-3086,7,30,9,
3087,FED 30-3087,7,30,9,
3088,FED 30-3088,7,30,9,
3090,FED 30-3090,7,30,9,
3091,FED 30-3091,7,30,9,
3092,FED 30-3092,7,30,9,
3093,FED 30-3093,7,30,9,
3094,FED 30-3094,7,30,9,
3095,FED 30-3095,7,30,9,
3096,FED 30-3096,7,30,9,
3097,FED 30-3097,7,30,9,
3098,FED 30-3098,7,30,9,
3110,FED 30-3110,7,30,9,
3234,FED 30-3234,7,30,9,
3235,FED 30-3235,7,30,9,
3236,FED 30-3236,7,30,9,
3237,FED 30-3237,7,30,9,
3238,FED 30-3238,7,30,9,
3289,FED 30-3289,7,30,9,
3305,FED 30-3305,7,30,9,
3372,FED 30-3372,7,30,9,
3395,FED 30-3395,7,30,9,
3574,FED 30-3574,7,30,9,
3582,FED 30-3582,7,30,9,
3596,FED 30-3596,7,30,9,
3599,FED 30-3599,7,30,9,
3764,FED 30-3764,7,30,9,
3766,FED 30-3766,7,30,9,
3832,FED 30-3832,7,30,9,
3867,FED 30-3867,7,30,9,
3892,FED 30-3892,7,30,9,
3894,FED 30-3894,7,30,9,
3895,FED 30-3895,7,30,9,
3977,FED 30-3977,7,30,9,
2666,FOREST,9,47,8,
2460,FOUR LAKES,9,5,8,
3220,FOX,3,45,8,
0452,FRANKLIN,5,33,9,
3302,FREEDOM,9,5,8,
0461,GENEVA,7,30,9,
0469,GLASGOW,8,34,7,
0471,GLENDALE,8,34,7,
3613,GLENN,7,30,9,
3630,GRAFF,9,41,9,
0479,GRANDVIEW,5,33,9,
0481,GRASS LAKE,9,47,8,
0487,GREEN RIVER,9,5,8,
3478,GREEN VALLEY,9,31,8,
2486,GRIFFITH,9,11,9,
1096,GRIZZLY,3,5,8,
2909,GROUSEMONT,3,45,1,
0492,GUENEVERE,7,30,9,
2566,HAAS,9,5,8,
3768,HAINES,8,34,7,
0493,HAM LAKE,9,47,8,
3897,HAMM CREEK,8,34,7,
2840,HANSEN,9,47,8,
0495,HAPPY VALLEY,3,45,8,
3862,HARRIET,3,45,8,
3338,HERON,7,30,9,
2655,HILL,3,45,8,
0520,HI-VALLEY,9,5,8,
0522,HOBART,9,5,8,
2926,HOLIDAY LAKE,3,45,8,
2656,HOLLYMORE,3,45,8,
0525,HOLLYWOOD,3,45,1,
2615,HOLM LAKE,9,47,8,
3626,HONEY,9,11,9,
3083,HORSESHOE,3,12,8,
0533,HPT 48-0533,6,48,1,
2984,HUCKLEBERRY,9,47,8,
2606,HUSKY,9,5,8,
0534,HUTCHINSON,9,5,8,
3437,IDA,9,5,8,
2938,ILLAHEE,7,30,9,
3284,ISABELLA,3,45,8,
0543,ISS 05-0543,3,5,8,
0544,ISS 05-0544,3,5,8,
0545,ISS 05-0545,3,5,8,
0546,ISS 05-0546,3,5,8,
0547,ISS 05-0547,3,5,8,
0548,ISS 05-0548,3,5,8,
0550,ISS 05-0550,3,5,8,
2401,ISS 05-2401,3,5,8,
2461,ISS 05-2461,3,5,8,
2806,ISS 05-2806,3,5,8,
2929,ISS 05-2929,3,5,8,
3138,ISS 05-3138,3,5,8,
3145,ISS 05-3145,3,5,8,
3206,ISS 05-3206,3,5,8,
3464,ISS 05-3464,3,5,8,
3503,ISS 05-3503,3,5,8,
3504,ISS 05-3504,3,5,8,
3527,ISS 05-3527,3,5,8,
3533,ISS 05-3533,3,5,8,
3552,ISS 05-3552,3,5,8,
3559,ISS 05-3559,3,5,8,
3572,ISS 05-3572,3,5,8,
3634,ISS 05-3634,3,5,8,
3649,ISS 05-3649,3,5,8,
3651,ISS 05-3651,3,5,8,
3691,ISS 05-3691,3,5,8,
3711,ISS 05-3711,3,5,8,
3714,ISS 05-3714,3,5,8,
3733,ISS 05-3733,3,5,8,
3736,ISS 05-3736,3,5,8,
3740,ISS 05-3740,3,5,8,
3819,ISS 05-3819,3,5,8,
3899,ISS 05-3899,3,5,8,
1208,ISS 41-1208,3,41,8,
2409,ISS 41-2409,3,41,8,
2602,ISS 41-2602,3,41,8,
2605,ISS 41-2605,3,41,8,
2692,ISS 41-2692,3,41,8,
2733,ISS 41-2733,3,41,8,
2977,ISS 41-2977,3,41,8,
3554,ISS 41-3554,3,41,8,
3786,ISS 41-3786,3,41,8,
3789,ISS 41-3789,3,41,8,
3898,ISS 41-3898,3,41,8,
3783,IVERSON,9,5,8,
2785,JAY,3,45,8,
0556,JEFFERSON,7,30,9,
0561,JOVITA,7,30,9,
0568,JUTLAND,8,34,7,
2728,KELLY,9,11,9,
3659,KELSEY,2,37,9,
3375,KEN 05-3375,9,5,8,
3462,KEN 05-3462,9,5,8,
0453,KEN 11-0453,5,11,9,
0893,KEN 11-0893,5,11,9,
0918,KEN 11-0918,5,11,9,
3174,KEN 11-3174,5,11,9,
3331,KEN 11-3331,5,11,9,
3332,KEN 11-3332,5,11,9,
3403,KEN 11-3403,5,11,9,
3663,KEN 11-3663,5,11,9,
3758,KEN 11-3758,5,11,9,
3864,KEN 11-3864,5,11,9,
3865,KEN 11-3865,5,11,9,
0270,KEN 33-0270,5,33,9,
0575,KEN 33-0575,7,33,9,
0576,KEN 33-0576,5,33,9,
0577,KEN 33-0577,5,33,9,
0581,KEN 33-0581,5,33,9,
0582,KEN 33-0582,5,33,9,
0583,KEN 33-0583,7,33,9,
0585,KEN 33-0585,5,33,9,
0586,KEN 33-0586,5,33,9,
0587,KEN 33-0587,5,33,9,
0588,KEN 33-0588,7,33,9,
0590,KEN 33-0590,5,33,9,
0591,KEN 33-0591,5,33,9,
0592,KEN 33-0592,5,33,9,
0593,KEN 33-0593,5,33,9,
0594,KEN 33-0594,5,33,9,
0595,KEN 33-0595,5,33,9,
0596,KEN 33-0596,7,33,9,
0597,KEN 33-0597,5,33,9,
0598,KEN 33-0598,5,33,9,
0603,KEN 33-0603,5,33,9,
1055,KEN 33-1055,5,33,9,
2426,KEN 33-2426,5,33,9,
2443,KEN 33-2443,5,33,9,
2567,KEN 33-2567,7,33,9,
2569,KEN 33-2569,5,33,9,
2570,KEN 33-2570,5,33,9,
2618,KEN 33-2618,5,33,9,
2699,KEN 33-2699,5,33,9,
2864,KEN 33-2864,5,33,9,
3172,KEN 33-3172,5,33,9,
3232,KEN 33-3232,5,33,9,
3362,KEN 33-3362,5,33,9,
3378,KEN 33-3378,5,33,9,
3445,KEN 33-3445,7,33,9,
3553,KEN 33-3553,5,33,9,
3629,KEN 33-3629,7,33,9,
3644,KEN 33-3644,5,33,9,
3670,KEN 33-3670,5,33,9,
3715,KEN 33-3715,5,33,9,
3753,KEN 33-3753,5,33,9,
3757,KEN 33-3757,5,33,9,
3886,KEN 33-3886,5,33,9,
3887,KEN 33-3887,5,33,9,
3900,KEN 33-3900,5,33,9,
3963,KEN 33-3963,5,33,9,
3988,KEN 33-3988,5,33,9,
0026,KEN 47-0026,5,47,9,
0028,KEN 47-0028,5,47,9,
0229,KEN 47-0229,5,47,9,
0238,KEN 47-0238,5,47,8,
0246,KEN 47-0246,7,47,8,
0439,KEN 47-0439,5,47,9,
0482,KEN 47-0482,5,47,9,
0498,KEN 47-0498,7,47,8,
0600,KEN 47-0600,7,47,8,
0601,KEN 47-0601,5,47,9,
0662,KEN 47-0662,7,47,8,
0753,KEN 47-0753,7,47,8,
0798,KEN 47-0798,7,47,8,
0835,KEN 47-0835,7,47,9,
0842,KEN 47-0842,5,47,9,
0880,KEN 47-0880,5,47,9,
0910,KEN 47-0910,7,47,8,
1034,KEN 47-1034,5,47,9,
1076,KEN 47-1076,5,47,9,
1102,KEN 47-1102,5,47,8,
1151,KEN 47-1151,7,47,8,
1170,KEN 47-1170,5,47,9,
2403,KEN 47-2403,5,47,9,
2477,KEN 47-2477,5,47,8,
2485,KEN 47-2485,5,47,9,
2490,KEN 47-2490,5,47,8,
2568,KEN 47-2568,5,47,9,
2585,KEN 47-2585,5,47,8,
2599,KEN 47-2599,7,47,9,
2667,KEN 47-2667,7,47,9,
2704,KEN 47-2704,5,47,8,
2708,KEN 47-2708,5,47,9,
2709,KEN 47-2709,5,47,9,
2834,KEN 47-2834,5,47,8,
2836,KEN 47-2836,5,47,9,
2838,KEN 47-2838,7,47,8,
2939,KEN 47-2939,5,47,9,
2985,KEN 47-2985,5,47,9,
3136,KEN 47-3136,5,47,9,
3180,KEN 47-3180,5,47,9,
3184,KEN 47-3184,7,47,8,
3189,KEN 47-3189,5,47,9,
3190,KEN 47-3190,5,47,9,
3275,KEN 47-3275,7,47,9,
3300,KEN 47-3300,5,47,9,
3323,KEN 47-3323,7,47,8,
3344,KEN 47-3344,5,47,8,
3352,KEN 47-3352,9,47,8,
3402,KEN 47-3402,7,47,8,
3408,KEN 47-3408,7,47,9,
3447,KEN 47-3447,5,47,9,
3483,KEN 47-3483,5,47,8,
3493,KEN 47-3493,7,47,8,
3537,KEN 47-3537,5,47,9,
3579,KEN 47-3579,7,47,8,
3652,KEN 47-3652,7,47,9,
3676,KEN 47-3676,5,47,9,
3754,KEN 47-3754,5,47,9,
3755,KEN 47-3755,7,47,9,
3778,KEN 47-3778,5,47,8,
3793,KEN 47-3793,5,47,9,
3823,KEN 47-3823,5,47,8,
3833,KEN 47-3833,7,47,8,
3901,KEN 47-3901,5,47,9,
3902,KEN 47-3902,5,47,9,
3903,KEN 47-3903,7,47,8,
3904,KEN 47-3904,5,47,9,
3905,KEN 47-3905,7,47,8,
3909,KEN 47-3909,5,47,8,
3910,KEN 47-3910,5,47,8,
3911,KEN 47-3911,7,47,8,
3913,KEN 47-3913,5,47,9,
3523,KENTLAKE,9,5,8,
0607,KILLARNEY,7,30,9,
0403,KIR 01-0403,1,1,1,
0421,KIR 01-0421,1,1,1,
0422,KIR 01-0422,1,1,1,
0870,KIR 01-0870,1,1,1,
2561,KIR 01-2561,1,1,1,
2595,KIR 01-2595,1,1,1,
2678,KIR 01-2678,1,1,1,
2767,KIR 01-2767,1,1,1,
2768,KIR 01-2768,1,1,1,
0019,KIR 45-0019,1,45,1,
0356,KIR 45-0356,1,45,1,
0442,KIR 45-0442,6,45,1,
0554,KIR 45-0554,1,45,1,
0610,KIR 45-0610,6,45,1,
0618,KIR 45-0618,6,45,1,
0619,KIR 45-0619,6,45,1,
0620,KIR 45-0620,6,45,1,
0622,KIR 45-0622,6,45,1,
0623,KIR 45-0623,6,45,1,
0624,KIR 45-0624,6,45,1,
0627,KIR 45-0627,6,45,1,
0630,KIR 45-0630,1,45,1,
0631,KIR 45-0631,1,45,1,
0632,KIR 45-0632,1,45,1,
0925,KIR 45-0925,6,45,1,
1019,KIR 45-1019,6,45,1,
1040,KIR 45-1040,1,45,1,
2421,KIR 45-2421,1,45,1,
2423,KIR 45-2423,6,45,1,
2457,KIR 45-2457,1,45,1,
2471,KIR 45-2471,6,45,1,
2488,KIR 45-2488,1,45,1,
2489,KIR 45-2489,6,45,1,
2560,KIR 45-2560,6,45,1,
2679,KIR 45-2679,6,45,1,
2722,KIR 45-2722,1,45,1,
2730,KIR 45-2730,6,45,1,
2731,KIR 45-2731,6,45,1,
2759,KIR 45-2759,1,45,1,
2760,KIR 45-2760,1,45,1,
2761,KIR 45-2761,6,45,1,
2762,KIR 45-2762,1,45,1,
2786,KIR 45-2786,6,45,1,
2910,KIR 45-2910,6,45,1,
2911,KIR 45-2911,1,45,1,
2912,KIR 45-2912,6,45,1,
2913,KIR 45-2913,6,45,1,
2916,KIR 45-2916,6,45,1,
2917,KIR 45-2917,6,45,1,
2918,KIR 45-2918,1,45,1,
2923,KIR 45-2923,1,45,1,
2924,KIR 45-2924,1,45,1,
2931,KIR 45-2931,1,45,1,
2932,KIR 45-2932,1,45,1,
2933,KIR 45-2933,1,45,1,
2934,KIR 45-2934,1,45,1,
2962,KIR 45-2962,1,45,1,
3109,KIR 45-3109,1,45,1,
3198,KIR 45-3198,1,45,1,
3199,KIR 45-3199,1,45,1,
3200,KIR 45-3200,1,45,1,
3397,KIR 45-3397,6,45,1,
3422,KIR 45-3422,1,45,1,
3450,KIR 45-3450,6,45,1,
3612,KIR 45-3612,6,45,1,
3640,KIR 45-3640,6,45,1,
3646,KIR 45-3646,6,45,1,
3668,KIR 45-3668,1,45,1,
3678,KIR 45-3678,1,45,1,
3826,KIR 45-3826,6,45,1,
3914,KIR 45-3914,1,45,1,
3917,KIR 45-3917,6,45,1,
3919,KIR 45-3919,6,45,1,
3920,KIR 45-3920,1,45,1,
0614,KIR 48-0614,6,48,1,
0615,KIR 48-0615,6,48,1,
0616,KIR 48-0616,6,48,1,
0628,KIR 48-0628,6,48,1,
0629,KIR 48-0629,6,48,1,
0636,KIR 48-0636,6,48,1,
0638,KIR 48-0638,6,48,1,
0639,KIR 48-0639,6,48,1,
0641,KIR 48-0641,6,48,1,
0642,KIR 48-0642,6,48,1,
0643,KIR 48-0643,6,48,1,
0644,KIR 48-0644,6,48,1,
0645,KIR 48-0645,6,48,1,
0646,KIR 48-0646,6,48,1,
2598,KIR 48-2598,6,48,1,
2657,KIR 48-2657,6,48,1,
2788,KIR 48-2788,6,48,1,
2863,KIR 48-2863,6,48,1,
2914,KIR 48-2914,6,48,1,
2915,KIR 48-2915,6,48,1,
2919,KIR 48-2919,6,48,1,
2920,KIR 48-2920,6,48,1,
2921,KIR 48-2921,6,48,1,
2922,KIR 48-2922,6,48,1,
2925,KIR 48-2925,6,48,1,
3196,KIR 48-3196,6,48,1,
3337,KIR 48-3337,6,48,1,
3401,KIR 48-3401,6,48,1,
3439,KIR 48-3439,6,48,1,
3760,KIR 48-3760,6,48,1,
0036,KMR 01-0036,1,1,1,
0340,KMR 01-0340,1,1,1,
0473,KMR 01-0473,1,1,1,
0501,KMR 01-0501,1,1,1,
0535,KMR 01-0535,1,1,1,
0572,KMR 01-0572,1,1,1,
0573,KMR 01-0573,1,1,1,
0677,KMR 01-0677,1,1,1,
0686,KMR 01-0686,1,1,1,
0689,KMR 01-0689,1,1,1,
0695,KMR 01-0695,1,1,1,
0696,KMR 01-0696,1,1,1,
0820,KMR 01-0820,1,1,1,
1095,KMR 01-1095,1,1,1,
1147,KMR 01-1147,1,1,1,
1171,KMR 01-1171,1,1,1,
1181,KMR 01-1181,1,1,1,
2444,KMR 01-2444,1,1,1,
2462,KMR 01-2462,1,1,1,
2754,KMR 01-2754,1,1,1,
2764,KMR 01-2764,1,1,1,
2765,KMR 01-2765,1,1,1,
2771,KMR 01-2771,1,1,1,
3148,KMR 01-3148,1,1,1,
3592,KMR 01-3592,1,1,1,
3594,KMR 01-3594,1,1,1,
3723,KMR 01-3723,1,1,1,
3906,KMR 01-3906,1,1,1,
0647,KRAIN,9,5,8,
2404,LAKE ALICE,3,5,8,
0649,LAKE DESIRE,9,5,8,
3706,LAKE FENWICK,5,33,9,
2658,LAKE JOY,3,12,8,
2487,LAKE LEOTA,3,1,8,
3303,LAKE MORTON,9,5,8,
3474,LAKE RETREAT,9,5,8,
3181,LAKE YOUNGS,9,47,8,
0659,LAKELAND,7,30,9,
0660,LAKERIDGE,2,37,9,
0667,LANGSTON,2,37,9,
2710,LEAH,9,11,8,
0003,LFP 01-0003,1,1,7,
0092,LFP 01-0092,1,1,7,
0309,LFP 01-0309,1,1,7,
0397,LFP 01-0397,1,1,7,
0400,LFP 01-0400,1,1,7,
0517,LFP 01-0517,1,1,7,
0650,LFP 01-0650,1,1,7,
0652,LFP 01-0652,1,1,7,
0653,LFP 01-0653,1,1,7,
0654,LFP 01-0654,1,1,7,
0655,LFP 01-0655,1,1,7,
0734,LFP 01-0734,1,1,7,
1056,LFP 01-1056,1,1,7,
1075,LFP 01-1075,1,1,7,
1089,LFP 01-1089,1,1,7,
1143,LFP 01-1143,1,1,7,
1186,LFP 01-1186,1,1,7,
1237,LFP 01-1237,1,1,7,
2439,LFP 01-2439,1,1,7,
2763,LFP 01-2763,1,1,7,
3380,LFP 01-3380,1,1,7,
0687,LISABEULA,8,34,7,
0688,LITTLE SOOS,9,47,8,
0690,LOIS,2,37,9,
3280,LORA,3,12,8,
3534,LOUIE,9,47,9,
3295,LUND,9,47,8,
3164,LYNN,9,11,9,
2736,LYNX,3,5,8,
0708,MABEL,3,45,8,
0709,MADISON,9,31,8,
0717,MAPLE HILLS,9,5,8,
2964,MARCEL,3,12,8,
0723,MARIAN,8,34,7,
3249,MARYMOOR,6,48,1,
2810,MATTHEW,9,5,8,
0739,MAURY,8,34,7,
0741,MAY VALLEY,9,5,8,
2405,MCCOY,9,5,8,
0702,MCDIVITT,9,41,9,
0703,MCDONALD,9,5,8,
3627,MCKINLEY,8,34,7,
0742,MEADOWBROOK,3,5,8,
3212,MEANDER,3,45,8,
0749,MED 48-0749,6,48,1,
0750,MED 48-0750,6,48,1,
0751,MED 48-0751,6,48,1,
0752,MED 48-0752,6,48,1,
3132,MERGANSER,9,5,8,
0799,MERLIN,7,30,9,
2650,MERLOT,3,45,1,
0800,MERRIHILL,9,11,9,
0755,M-I 41-0755,6,41,9,
0756,M-I 41-0756,6,41,9,
0757,M-I 41-0757,6,41,9,
0758,M-I 41-0758,6,41,9,
0759,M-I 41-0759,6,41,9,
0761,M-I 41-0761,6,41,9,
0762,M-I 41-0762,6,41,9,
0763,M-I 41-0763,6,41,9,
0765,M-I 41-0765,6,41,9,
0766,M-I 41-0766,6,41,9,
0767,M-I 41-0767,6,41,9,
0768,M-I 41-0768,6,41,9,
0769,M-I 41-0769,6,41,9,
0770,M-I 41-0770,6,41,9,
0771,M-I 41-0771,6,41,9,
0773,M-I 41-0773,6,41,9,
0774,M-I 41-0774,6,41,9,
0775,M-I 41-0775,6,41,9,
0776,M-I 41-0776,6,41,9,
0777,M-I 41-0777,6,41,9,
0778,M-I 41-0778,6,41,9,
0779,M-I 41-0779,6,41,9,
0780,M-I 41-0780,6,41,9,
0781,M-I 41-0781,6,41,9,
0782,M-I 41-0782,6,41,9,
0784,M-I 41-0784,6,41,9,
0785,M-I 41-0785,6,41,9,
0786,M-I 41-0786,6,41,9,
0787,M-I 41-0787,6,41,9,
0788,M-I 41-0788,6,41,9,
0789,M-I 41-0789,6,41,9,
0790,M-I 41-0790,6,41,9,
0791,M-I 41-0791,6,41,9,
0792,M-I 41-0792,6,41,9,
0793,M-I 41-0793,6,41,9,
0794,M-I 41-0794,6,41,9,
0795,M-I 41-0795,6,41,9,
0796,M-I 41-0796,6,41,9,
0797,M-I 41-0797,6,41,9,
2445,M-I 41-2445,6,41,9,
2465,M-I 41-2465,6,41,9,
2691,M-I 41-2691,6,41,9,
2809,M-I 41-2809,6,41,9,
3655,M-I 41-3655,6,41,9,
2601,MICHAEL,3,45,8,
0801,MIDDLE FORK,3,5,8,
3146,MIL 31-3146,7,31,9,
3835,MIL 31-3835,7,31,9,
0807,MILLIKIN,3,45,8,
0810,MINK ROAD,3,45,8,
0812,MIRRORMONT,9,5,8,
2904,MONEYSMITH,9,31,8,
2974,MORGAN,9,11,8,
0822,MORRIS,9,5,8,
0823,MORTON,9,5,8,
2907,MOUNT CLARE,3,45,8,
0825,MOUNT SI,3,12,8,
2905,MUCKLESHOOT,9,31,8,
0528,M-V 05-0528,9,5,8,
0697,M-V 05-0697,9,5,8,
1218,M-V 05-1218,9,5,8,
2614,M-V 05-2614,9,5,8,
2748,M-V 05-2748,9,5,8,
2841,M-V 05-2841,9,5,8,
2857,M-V 05-2857,9,5,8,
3242,M-V 05-3242,9,5,8,
3245,M-V 05-3245,9,5,8,
3272,M-V 05-3272,9,5,8,
3322,M-V 05-3322,9,5,8,
3366,M-V 05-3366,9,5,8,
3367,M-V 05-3367,9,5,8,
3368,M-V 05-3368,9,5,8,
3369,M-V 05-3369,9,5,8,
3373,M-V 05-3373,9,5,8,
3461,M-V 05-3461,9,5,8,
3482,M-V 05-3482,9,5,8,
3510,M-V 05-3510,9,5,8,
3536,M-V 05-3536,9,5,8,
3589,M-V 05-3589,9,5,8,
3600,M-V 05-3600,9,5,8,
3601,M-V 05-3601,9,5,8,
3717,M-V 05-3717,9,5,8,
3781,M-V 05-3781,9,5,8,
3782,M-V 05-3782,9,5,8,
3794,M-V 05-3794,9,5,8,
3811,M-V 05-3811,9,5,8,
3837,M-V 05-3837,9,5,8,
3859,M-V 05-3859,9,5,8,
3896,M-V 05-3896,9,5,8,
2603,NAILA,9,5,8,
2594,NAPOLEON,3,1,8,
2576,NATHAN,9,47,8,
2683,N-B 05-2683,3,5,8,
3611,N-B 05-3611,3,5,8,
0858,N-B 12-0858,3,12,8,
0859,N-B 12-0859,3,12,8,
3296,N-B 12-3296,3,12,8,
3406,N-B 12-3406,3,12,8,
3407,N-B 12-3407,3,12,8,
3868,N-B 12-3868,3,12,8,
3968,N-B 12-3968,3,12,8,
3987,N-B 12-3987,3,12,8,
0839,NEUWAUKUM,9,5,8,
0248,NEW 41-0248,9,41,9,
0840,NEW 41-0840,9,41,9,
0878,NEW 41-0878,9,41,9,
1115,NEW 41-1115,9,41,9,
2811,NEW 41-2811,9,41,9,
3227,NEW 41-3227,9,41,9,
3228,NEW 41-3228,9,41,9,
3241,NEW 41-3241,9,41,9,
3261,NEW 41-3261,9,41,9,
3528,NEW 41-3528,9,41,9,
3529,NEW 41-3529,9,41,9,
3578,NEW 41-3578,9,41,9,
3681,NEW 41-3681,9,41,9,
3922,NEW 41-3922,9,41,9,
3858,NORI,2,37,9,
0869,NOVELTY,3,45,8,
0849,NPK 33-0849,5,33,7,
0851,NPK 33-0851,5,33,7,
0852,NPK 33-0852,5,33,7,
0853,NPK 33-0853,5,33,7,
0854,NPK 33-0854,5,33,7,
0855,NPK 33-0855,5,33,7,
0857,NPK 33-0857,5,33,7,
2474,NPK 33-2474,5,33,7,
2644,NPK 33-2644,5,33,7,
2645,NPK 33-2645,5,33,7,
2646,NPK 33-2646,5,33,7,
0881,OSCEOLA,9,31,8,
0885,PAC 30-0885,7,30,9,
0886,PAC 30-0886,7,30,9,
0887,PAC 30-0887,7,30,9,
2856,PAC 30-2856,7,30,9,
3808,PAC 30-3808,7,30,9,
3845,PAC 30-3845,7,30,9,
3860,PAC 30-3860,7,30,9,
3971,PARADISE,3,45,8,
3838,PARK,8,34,7,
3955,PASTURE,3,45,8,
0901,PATTERSON,3,12,8,
3836,PEASLEY,7,30,9,
2446,PEGGY,7,30,9,
3625,PINE,9,31,8,
0912,PIPELINE,9,47,8,
3268,PLAINS,9,47,8,
3631,PORT,6,45,1,
3340,PORTAGE,8,34,7,
0919,PRESTON,3,5,8,
2737,PROVAN,3,45,8,
2848,PTARMIGAN,9,41,9,
3418,QUAIL,3,45,8,
3806,QUAIL CREEK,3,45,8,
0924,QUARTERMASTER,8,34,7,
0927,RAGING RIVER,3,5,8,
3472,RATTLESNAKE,3,5,8,
0932,RAVENSDALE,9,5,8,
0936,RED 45-0936,3,45,1,
0951,RED 45-0951,3,45,1,
2410,RED 45-2410,3,45,1,
2448,RED 45-2448,3,45,1,
2492,RED 45-2492,3,45,1,
2580,RED 45-2580,6,45,1,
2638,RED 45-2638,3,45,1,
2641,RED 45-2641,3,45,1,
2643,RED 45-2643,3,45,1,
2659,RED 45-2659,3,45,8,
2966,RED 45-2966,3,45,1,
3281,RED 45-3281,3,45,1,
3282,RED 45-3282,6,45,1,
3313,RED 45-3313,3,45,1,
3315,RED 45-3315,3,45,1,
3391,RED 45-3391,6,45,1,
3547,RED 45-3547,3,45,1,
3584,RED 45-3584,3,45,1,
3737,RED 45-3737,3,45,1,
3926,RED 45-3926,3,45,1,
0935,RED 48-0935,6,48,1,
0937,RED 48-0937,6,48,1,
0938,RED 48-0938,6,48,1,
0939,RED 48-0939,6,48,1,
0940,RED 48-0940,6,48,1,
0941,RED 48-0941,6,48,1,
0942,RED 48-0942,6,48,1,
0944,RED 48-0944,6,48,1,
0945,RED 48-0945,6,48,1,
0947,RED 48-0947,6,48,1,
0948,RED 48-0948,6,48,1,
0949,RED 48-0949,6,48,1,
0950,RED 48-0950,6,48,1,
0952,RED 48-0952,6,48,1,
0953,RED 48-0953,6,48,1,
2449,RED 48-2449,6,48,1,
2466,RED 48-2466,6,48,1,
2467,RED 48-2467,6,48,1,
2628,RED 48-2628,6,48,1,
2629,RED 48-2629,6,48,1,
2630,RED 48-2630,6,48,1,
2632,RED 48-2632,6,48,1,
2633,RED 48-2633,6,48,1,
2634,RED 48-2634,6,48,1,
2635,RED 48-2635,6,48,1,
2636,RED 48-2636,6,48,1,
2640,RED 48-2640,6,48,1,
2789,RED 48-2789,6,48,1,
2790,RED 48-2790,6,48,1,
2967,RED 48-2967,6,48,1,
2968,RED 48-2968,6,48,1,
2969,RED 48-2969,6,48,1,
3134,RED 48-3134,6,48,1,
3147,RED 48-3147,6,48,1,
3208,RED 48-3208,6,48,1,
3316,RED 48-3316,6,48,1,
3415,RED 48-3415,6,48,1,
3475,RED 48-3475,3,48,1,
3548,RED 48-3548,6,48,1,
3664,RED 48-3664,6,48,1,
3738,RED 48-3738,6,48,1,
3739,RED 48-3739,6,48,1,
3809,RED 48-3809,6,48,1,
3874,RED 48-3874,6,48,1,
3930,RED 48-3930,6,48,1,
3970,RED 48-3970,3,48,1,
3979,RED 48-3979,6,48,1,
3417,RED MILL,9,11,9,
0956,REGAL,8,34,7,
2493,REINTREE,3,1,8,
0958,RENHILL,9,5,8,
3479,RIDGE,3,45,8,
1022,RING HILL,3,45,8,
2584,RIVERBEND,3,5,8,
1024,RIVERSIDE,9,5,8,
3698,RNT 05-3698,9,5,9,
0031,RNT 11-0031,5,11,9,
0354,RNT 11-0354,5,11,9,
0404,RNT 11-0404,9,11,8,
0455,RNT 11-0455,5,11,9,
0456,RNT 11-0456,5,11,9,
0502,RNT 11-0502,5,11,9,
0539,RNT 11-0539,5,11,9,
0719,RNT 11-0719,9,11,9,
0738,RNT 11-0738,5,11,9,
0804,RNT 11-0804,5,11,9,
0962,RNT 11-0962,5,11,9,
0964,RNT 11-0964,9,11,9,
0965,RNT 11-0965,5,11,9,
0967,RNT 11-0967,5,11,9,
0970,RNT 11-0970,5,11,9,
0971,RNT 11-0971,5,11,9,
0973,RNT 11-0973,5,11,9,
0975,RNT 11-0975,5,11,9,
0978,RNT 11-0978,5,11,9,
0979,RNT 11-0979,5,11,9,
0981,RNT 11-0981,5,11,9,
0983,RNT 11-0983,9,11,9,
0984,RNT 11-0984,9,11,9,
0985,RNT 11-0985,5,11,9,
0986,RNT 11-0986,5,11,9,
0988,RNT 11-0988,5,11,9,
0989,RNT 11-0989,9,11,9,
0990,RNT 11-0990,5,11,9,
0991,RNT 11-0991,5,11,9,
0992,RNT 11-0992,5,11,9,
0993,RNT 11-0993,9,11,9,
0994,RNT 11-0994,9,11,9,
0995,RNT 11-0995,9,11,9,
0996,RNT 11-0996,5,11,9,
0997,RNT 11-0997,9,11,9,
0998,RNT 11-0998,5,11,9,
0999,RNT 11-0999,5,11,9,
1000,RNT 11-1000,5,11,9,
1002,RNT 11-1002,5,11,9,
1004,RNT 11-1004,9,11,9,
1006,RNT 11-1006,5,11,9,
1007,RNT 11-1007,9,11,9,
1008,RNT 11-1008,5,11,9,
1010,RNT 11-1010,9,11,9,
1011,RNT 11-1011,9,11,9,
1012,RNT 11-1012,5,11,9,
1015,RNT 11-1015,5,11,9,
1017,RNT 11-1017,9,11,9,
1018,RNT 11-1018,9,11,9,
1109,RNT 11-1109,5,11,9,
1125,RNT 11-1125,5,11,9,
1204,RNT 11-1204,5,11,9,
2472,RNT 11-2472,5,11,9,
2475,RNT 11-2475,9,11,9,
2581,RNT 11-2581,5,11,9,
2582,RNT 11-2582,5,11,9,
2583,RNT 11-2583,9,11,9,
2607,RNT 11-2607,5,11,9,
2739,RNT 11-2739,5,11,9,
2815,RNT 11-2815,5,11,9,
2816,RNT 11-2816,9,11,9,
2844,RNT 11-2844,5,11,9,
2845,RNT 11-2845,5,11,9,
2854,RNT 11-2854,5,11,9,
3154,RNT 11-3154,5,11,9,
3162,RNT 11-3162,9,11,9,
3222,RNT 11-3222,5,11,9,
3223,RNT 11-3223,9,11,9,
3224,RNT 11-3224,9,11,9,
3287,RNT 11-3287,9,11,9,
3359,RNT 11-3359,9,11,9,
3404,RNT 11-3404,9,11,9,
3438,RNT 11-3438,9,11,9,
3535,RNT 11-3535,5,11,9,
3555,RNT 11-3555,9,11,9,
3563,RNT 11-3563,9,11,9,
3564,RNT 11-3564,9,11,9,
3575,RNT 11-3575,9,11,9,
3588,RNT 11-3588,5,11,9,
3590,RNT 11-3590,5,11,9,
3604,RNT 11-3604,9,11,9,
3609,RNT 11-3609,9,11,9,
3619,RNT 11-3619,9,11,9,
3643,RNT 11-3643,9,11,8,
3650,RNT 11-3650,5,11,9,
3660,RNT 11-3660,9,11,9,
3683,RNT 11-3683,9,11,9,
3751,RNT 11-3751,5,11,9,
3756,RNT 11-3756,5,11,9,
3777,RNT 11-3777,5,11,9,
3779,RNT 11-3779,9,11,9,
3780,RNT 11-3780,9,11,9,
3784,RNT 11-3784,5,11,9,
3873,RNT 11-3873,5,11,9,
3879,RNT 11-3879,5,11,9,
3921,RNT 11-3921,5,11,9,
3923,RNT 11-3923,9,11,9,
3927,RNT 11-3927,5,11,9,
3928,RNT 11-3928,9,11,9,
3929,RNT 11-3929,5,11,9,
3931,RNT 11-3931,9,11,9,
3957,RNT 11-3957,5,11,9,
3990,RNT 11-3990,5,11,9,
3991,RNT 11-3991,5,11,9,
3996,RNT 11-3996,9,11,9,
0969,RNT 37-0969,2,37,9,
2651,ROSE,3,1,1,
1035,ROUNDTABLE,7,30,9,
1036,ROWAN,2,37,9,
3624,ROYAL,9,5,8,
2740,RUDDELL,9,47,8,
3444,RUSS,7,47,9,
3327,SALAL,3,45,8,
3210,SALISH,3,45,8,
2718,SAM 05-2718,3,5,8,
2941,SAM 05-2941,3,5,8,
2942,SAM 05-2942,3,5,8,
2971,SAM 05-2971,3,5,8,
2972,SAM 05-2972,3,5,8,
2975,SAM 05-2975,3,5,8,
3202,SAM 05-3202,3,5,8,
3203,SAM 05-3203,3,5,8,
3204,SAM 05-3204,3,5,8,
3306,SAM 05-3306,3,5,8,
3307,SAM 05-3307,3,5,8,
3308,SAM 05-3308,3,5,8,
3326,SAM 05-3326,3,5,8,
3508,SAM 05-3508,3,5,8,
3515,SAM 05-3515,3,5,8,
0100,SAM 41-0100,3,41,8,
0307,SAM 41-0307,3,41,8,
0816,SAM 41-0816,3,41,8,
0909,SAM 41-0909,3,41,8,
1130,SAM 41-1130,3,41,8,
2469,SAM 41-2469,3,41,8,
2491,SAM 41-2491,3,41,8,
2690,SAM 41-2690,3,41,8,
2693,SAM 41-2693,3,41,8,
2813,SAM 41-2813,3,41,8,
2937,SAM 41-2937,3,41,8,
2940,SAM 41-2940,3,41,8,
2973,SAM 41-2973,3,41,8,
3214,SAM 41-3214,3,41,8,
3215,SAM 41-3215,3,41,8,
3293,SAM 41-3293,3,41,8,
3384,SAM 41-3384,3,41,8,
3385,SAM 41-3385,3,41,8,
3386,SAM 41-3386,3,41,8,
3412,SAM 41-3412,3,41,8,
3505,SAM 41-3505,3,41,8,
3506,SAM 41-3506,3,41,8,
3507,SAM 41-3507,3,41,8,
3607,SAM 41-3607,3,41,8,
3638,SAM 41-3638,3,41,8,
3654,SAM 41-3654,3,41,8,
3824,SAM 41-3824,3,41,8,
3825,SAM 41-3825,3,41,8,
3932,SAM 41-3932,3,41,8,
3935,SAM 41-3935,3,41,8,
3941,SAM 41-3941,3,41,8,
3945,SAM 41-3945,3,41,8,
3992,SAM 41-3992,3,41,8,
0536,SAM 45-0536,3,45,8,
2450,SAM 45-2450,3,45,8,
2564,SAM 45-2564,3,45,8,
2575,SAM 45-2575,3,45,8,
2620,SAM 45-2620,3,45,8,
2684,SAM 45-2684,3,45,8,
2726,SAM 45-2726,3,45,8,
2791,SAM 45-2791,3,45,8,
2961,SAM 45-2961,3,45,8,
2963,SAM 45-2963,3,45,8,
2965,SAM 45-2965,3,45,8,
3213,SAM 45-3213,3,45,8,
3216,SAM 45-3216,3,45,8,
3217,SAM 45-3217,3,45,8,
3298,SAM 45-3298,3,45,8,
3387,SAM 45-3387,3,45,8,
3388,SAM 45-3388,3,45,8,
3389,SAM 45-3389,3,45,8,
3454,SAM 45-3454,3,45,8,
3940,SAM 45-3940,3,45,8,
2741,SAWYER,9,5,8,
2153,SEA 32-2153,1,32,7,5
2200,SEA 32-2200,4,32,7,5
2201,SEA 32-2201,4,32,7,5
2202,SEA 32-2202,4,32,7,5
2203,SEA 32-2203,4,32,7,5
2204,SEA 32-2204,4,32,7,5
2206,SEA 32-2206,4,32,7,5
2208,SEA 32-2208,4,32,7,5
2209,SEA 32-2209,4,32,7,5
2210,SEA 32-2210,4,32,7,5
2211,SEA 32-2211,4,32,7,5
2215,SEA 32-2215,4,32,7,5
2216,SEA 32-2216,4,32,7,5
2217,SEA 32-2217,4,32,7,5
2218,SEA 32-2218,4,32,7,5
2221,SEA 32-2221,1,32,7,5
2224,SEA 32-2224,4,32,7,5
2539,SEA 32-2539,4,32,7,5
3568,SEA 32-3568,4,32,7,5
3656,SEA 32-3656,4,32,7,5
3746,SEA 32-3746,4,32,7,5
3943,SEA 32-3943,4,32,7,5
3944,SEA 32-3944,4,32,7,5
1245,SEA 34-1245,8,34,7,1
1246,SEA 34-1246,8,34,7,1
1247,SEA 34-1247,8,34,7,1
1248,SEA 34-1248,8,34,7,1
1249,SEA 34-1249,8,34,7,1
1250,SEA 34-1250,8,34,7,1
1251,SEA 34-1251,8,34,7,1
1252,SEA 34-1252,8,34,7,1
1254,SEA 34-1254,8,34,7,1
1255,SEA 34-1255,8,34,7,1
1256,SEA 34-1256,8,34,7,1
1257,SEA 34-1257,8,34,7,1
1258,SEA 34-1258,8,34,7,1
1259,SEA 34-1259,8,34,7,1
1408,SEA 34-1408,8,34,7,1
1409,SEA 34-1409,8,34,7,1
1410,SEA 34-1410,8,34,7,1
1411,SEA 34-1411,8,34,7,1
1412,SEA 34-1412,8,34,7,1
1413,SEA 34-1413,8,34,7,1
1414,SEA 34-1414,8,34,7,1
1415,SEA 34-1415,8,34,7,1
1416,SEA 34-1416,8,34,7,1
1418,SEA 34-1418,8,34,7,1
1419,SEA 34-1419,8,34,7,1
1420,SEA 34-1420,8,34,7,1
1422,SEA 34-1422,8,34,7,1
1423,SEA 34-1423,8,34,7,1
1424,SEA 34-1424,8,34,7,1
1425,SEA 34-1425,8,34,7,1
1426,SEA 34-1426,8,34,7,1
1427,SEA 34-1427,8,34,7,1
1428,SEA 34-1428,8,34,7,1
1429,SEA 34-1429,8,34,7,1
1430,SEA 34-1430,8,34,7,1
1431,SEA 34-1431,8,34,7,1
1432,SEA 34-1432,8,34,7,1
1433,SEA 34-1433,8,34,7,1
1434,SEA 34-1434,8,34,7,1
1435,SEA 34-1435,8,34,7,1
1436,SEA 34-1436,8,34,7,1
1437,SEA 34-1437,8,34,7,1
1438,SEA 34-1438,8,34,7,1
1439,SEA 34-1439,8,34,7,1
1440,SEA 34-1440,8,34,7,1
1441,SEA 34-1441,8,34,7,1
1442,SEA 34-1442,8,34,7,1
1443,SEA 34-1443,8,34,7,1
1444,SEA 34-1444,8,34,7,1
1446,SEA 34-1446,8,34,7,1
1448,SEA 34-1448,8,34,7,1
1449,SEA 34-1449,8,34,7,1
1450,SEA 34-1450,8,34,7,1
1451,SEA 34-1451,8,34,7,1
1452,SEA 34-1452,8,34,7,1
1453,SEA 34-1453,8,34,7,1
1454,SEA 34-1454,8,34,7,1
1455,SEA 34-1455,8,34,7,1
1456,SEA 34-1456,8,34,7,1
1457,SEA 34-1457,8,34,7,1
1458,SEA 34-1458,8,34,7,1
1459,SEA 34-1459,8,34,7,1
1460,SEA 34-1460,8,34,7,1
1461,SEA 34-1461,8,34,7,1
1462,SEA 34-1462,8,34,7,1
1463,SEA 34-1463,8,34,7,1
1464,SEA 34-1464,8,34,7,1
1465,SEA 34-1465,8,34,7,1
1466,SEA 34-1466,8,34,7,1
1467,SEA 34-1467,8,34,7,1
1468,SEA 34-1468,8,34,7,1
1469,SEA 34-1469,8,34,7,1
1470,SEA 34-1470,8,34,7,1
1471,SEA 34-1471,8,34,7,1
1472,SEA 34-1472,8,34,7,1
1473,SEA 34-1473,8,34,7,1
1474,SEA 34-1474,8,34,7,1
1475,SEA 34-1475,8,34,7,1
1476,SEA 34-1476,8,34,7,1
1477,SEA 34-1477,8,34,7,1
1478,SEA 34-1478,8,34,7,1
1479,SEA 34-1479,8,34,7,1
1480,SEA 34-1480,8,34,7,1
1481,SEA 34-1481,8,34,7,1
1482,SEA 34-1482,8,34,7,1
1484,SEA 34-1484,8,34,7,1
1485,SEA 34-1485,8,34,7,1
1486,SEA 34-1486,8,34,7,1
1487,SEA 34-1487,8,34,7,1
1488,SEA 34-1488,8,34,7,1
1489,SEA 34-1489,8,34,7,1
1490,SEA 34-1490,8,34,7,1
1493,SEA 34-1493,8,34,7,1
1494,SEA 34-1494,8,34,7,1
1496,SEA 34-1496,8,34,7,1
1497,SEA 34-1497,8,34,7,1
1498,SEA 34-1498,8,34,7,1
1499,SEA 34-1499,8,34,7,1
1500,SEA 34-1500,8,34,7,1
1501,SEA 34-1501,8,34,7,1
1502,SEA 34-1502,8,34,7,1
1504,SEA 34-1504,8,34,7,1
1506,SEA 34-1506,8,34,7,1
1507,SEA 34-1507,8,34,7,1
1508,SEA 34-1508,8,34,7,1
1509,SEA 34-1509,8,34,7,1
1510,SEA 34-1510,8,34,7,1
1511,SEA 34-1511,8,34,7,1
1512,SEA 34-1512,8,34,7,1
1513,SEA 34-1513,8,34,7,1
1514,SEA 34-1514,8,34,7,1
1515,SEA 34-1515,8,34,7,1
1516,SEA 34-1516,8,34,7,1
1517,SEA 34-1517,8,34,7,1
1518,SEA 34-1518,8,34,7,1
1519,SEA 34-1519,8,34,7,1
1520,SEA 34-1520,8,34,7,1
1521,SEA 34-1521,8,34,7,1
1522,SEA 34-1522,8,34,7,1
1523,SEA 34-1523,8,34,7,1
1524,SEA 34-1524,8,34,7,1
1526,SEA 34-1526,8,34,7,1
1527,SEA 34-1527,8,34,7,1
1529,SEA 34-1529,8,34,7,1
1530,SEA 34-1530,8,34,7,1
1532,SEA 34-1532,8,34,7,1
1533,SEA 34-1533,8,34,7,1
1534,SEA 34-1534,8,34,7,1
1535,SEA 34-1535,8,34,7,1
1536,SEA 34-1536,8,34,7,1
1537,SEA 34-1537,8,34,7,1
1538,SEA 34-1538,8,34,7,1
1539,SEA 34-1539,8,34,7,1
1540,SEA 34-1540,8,34,7,1
1541,SEA 34-1541,8,34,7,1
1543,SEA 34-1543,8,34,7,1
1545,SEA 34-1545,8,34,7,1
1546,SEA 34-1546,8,34,7,1
1550,SEA 34-1550,8,34,7,1
1552,SEA 34-1552,8,34,7,1
1602,SEA 34-1602,8,34,7,1
1823,SEA 34-1823,8,34,9,7
1928,SEA 34-1928,8,34,7,1
2501,SEA 34-2501,8,34,7,1
3175,SEA 34-3175,8,34,7,1
3230,SEA 34-3230,8,34,7,7
3263,SEA 34-3263,8,34,7,1
3264,SEA 34-3264,8,34,7,1
3265,SEA 34-3265,8,34,7,1
3266,SEA 34-3266,8,34,7,1
3416,SEA 34-3416,8,34,7,1
3497,SEA 34-3497,8,34,7,1
3617,SEA 34-3617,8,34,7,1
3632,SEA 34-3632,8,34,7,1
3637,SEA 34-3637,8,34,7,1
3647,SEA 34-3647,8,34,7,1
3648,SEA 34-3648,8,34,7,1
3682,SEA 34-3682,8,34,7,1
3693,SEA 34-3693,8,34,9,1
3702,SEA 34-3702,8,34,7,1
3767,SEA 34-3767,8,34,7,1
3770,SEA 34-3770,8,34,7,1
3772,SEA 34-3772,8,34,7,1
3785,SEA 34-3785,8,34,7,1
3839,SEA 34-3839,8,34,7,1
3866,SEA 34-3866,8,34,7,1
3942,SEA 34-3942,8,34,7,1
1273,SEA 36-1273,4,36,7,6
1286,SEA 36-1286,4,36,7,6
1287,SEA 36-1287,4,36,7,6
1288,SEA 36-1288,4,36,7,6
1291,SEA 36-1291,4,36,7,6
1294,SEA 36-1294,4,36,7,6
1295,SEA 36-1295,4,36,7,6
1296,SEA 36-1296,4,36,7,6
1297,SEA 36-1297,4,36,7,6
1298,SEA 36-1298,4,36,7,6
1299,SEA 36-1299,4,36,7,6
1301,SEA 36-1301,4,36,7,6
1303,SEA 36-1303,4,36,7,6
1304,SEA 36-1304,4,36,7,6
1305,SEA 36-1305,4,36,7,6
1306,SEA 36-1306,4,36,7,6
1307,SEA 36-1307,4,36,7,6
1308,SEA 36-1308,4,36,7,6
1317,SEA 36-1317,4,36,7,6
1318,SEA 36-1318,4,36,7,6
1319,SEA 36-1319,4,36,7,6
1320,SEA 36-1320,4,36,7,6
1321,SEA 36-1321,4,36,7,6
1322,SEA 36-1322,4,36,7,6
1323,SEA 36-1323,4,36,7,6
1324,SEA 36-1324,4,36,7,6
1325,SEA 36-1325,4,36,7,6
1326,SEA 36-1326,4,36,7,6
1328,SEA 36-1328,4,36,7,6
1329,SEA 36-1329,4,36,7,6
1330,SEA 36-1330,4,36,7,6
1331,SEA 36-1331,4,36,7,6
1332,SEA 36-1332,4,36,7,6
1333,SEA 36-1333,4,36,7,6
1334,SEA 36-1334,4,36,7,6
1338,SEA 36-1338,4,36,7,6
1339,SEA 36-1339,4,36,7,6
1341,SEA 36-1341,4,36,7,6
1342,SEA 36-1342,4,36,7,6
1343,SEA 36-1343,4,36,7,6
1344,SEA 36-1344,4,36,7,6
1345,SEA 36-1345,4,36,7,6
1347,SEA 36-1347,4,36,7,6
1355,SEA 36-1355,4,36,7,6
1382,SEA 36-1382,4,36,7,6
1384,SEA 36-1384,4,36,7,6
1385,SEA 36-1385,4,36,7,6
1386,SEA 36-1386,4,36,7,6
1387,SEA 36-1387,4,36,7,6
1388,SEA 36-1388,4,36,7,6
1389,SEA 36-1389,4,36,7,6
1390,SEA 36-1390,4,36,7,6
1391,SEA 36-1391,4,36,7,6
1392,SEA 36-1392,4,36,7,6
1393,SEA 36-1393,4,36,7,6
1394,SEA 36-1394,4,36,7,6
1395,SEA 36-1395,4,36,7,6
1396,SEA 36-1396,4,36,7,6
1397,SEA 36-1397,4,36,7,6
1398,SEA 36-1398,4,36,7,6
1399,SEA 36-1399,4,36,7,6
1661,SEA 36-1661,4,36,7,6
1662,SEA 36-1662,4,36,7,6
1663,SEA 36-1663,4,36,7,6
1664,SEA 36-1664,4,36,7,6
1665,SEA 36-1665,4,36,7,6
1666,SEA 36-1666,4,36,7,7
1668,SEA 36-1668,4,36,7,7
1670,SEA 36-1670,4,36,7,7
1672,SEA 36-1672,4,36,7,7
1673,SEA 36-1673,4,36,7,6
1675,SEA 36-1675,4,36,7,6
1676,SEA 36-1676,4,36,7,6
1677,SEA 36-1677,4,36,7,6
1679,SEA 36-1679,4,36,7,6
1682,SEA 36-1682,4,36,7,6
1683,SEA 36-1683,4,36,7,7
1684,SEA 36-1684,4,36,7,7
1685,SEA 36-1685,4,36,7,7
1686,SEA 36-1686,4,36,7,7
1687,SEA 36-1687,4,36,7,7
1688,SEA 36-1688,4,36,7,6
1689,SEA 36-1689,4,36,7,6
1690,SEA 36-1690,4,36,7,6
1691,SEA 36-1691,4,36,7,6
1692,SEA 36-1692,4,36,7,6
1693,SEA 36-1693,4,36,7,6
1695,SEA 36-1695,4,36,7,6
1696,SEA 36-1696,4,36,7,6
1697,SEA 36-1697,4,36,7,6
1698,SEA 36-1698,4,36,7,6
1699,SEA 36-1699,4,36,7,6
1700,SEA 36-1700,4,36,7,6
1701,SEA 36-1701,4,36,7,6
1702,SEA 36-1702,4,36,7,6
1703,SEA 36-1703,4,36,7,6
1704,SEA 36-1704,4,36,7,7
1709,SEA 36-1709,4,36,7,7
1710,SEA 36-1710,4,36,7,7
1711,SEA 36-1711,4,36,7,7
1712,SEA 36-1712,4,36,7,7
1713,SEA 36-1713,4,36,7,7
1714,SEA 36-1714,4,36,7,7
1715,SEA 36-1715,4,36,7,7
1716,SEA 36-1716,4,36,7,7
1717,SEA 36-1717,4,36,7,7
1718,SEA 36-1718,4,36,7,7
1719,SEA 36-1719,4,36,7,7
1720,SEA 36-1720,4,36,7,7
1721,SEA 36-1721,4,36,7,7
1722,SEA 36-1722,4,36,7,7
1723,SEA 36-1723,4,36,7,7
1724,SEA 36-1724,4,36,7,7
1725,SEA 36-1725,4,36,7,7
1726,SEA 36-1726,4,36,7,7
1727,SEA 36-1727,4,36,7,7
1729,SEA 36-1729,4,36,7,7
1730,SEA 36-1730,4,36,7,7
1731,SEA 36-1731,4,36,7,7
1732,SEA 36-1732,4,36,7,7
1734,SEA 36-1734,4,36,7,7
1735,SEA 36-1735,4,36,7,7
1736,SEA 36-1736,4,36,7,7
1737,SEA 36-1737,4,36,7,7
1738,SEA 36-1738,4,36,7,7
1739,SEA 36-1739,4,36,7,7
1740,SEA 36-1740,4,36,7,7
1741,SEA 36-1741,4,36,7,7
1742,SEA 36-1742,4,36,7,7
1743,SEA 36-1743,4,36,7,7
1744,SEA 36-1744,4,36,7,7
1746,SEA 36-1746,4,36,7,7
1747,SEA 36-1747,4,36,7,7
1748,SEA 36-1748,4,36,7,7
1749,SEA 36-1749,4,36,7,7
1750,SEA 36-1750,4,36,7,7
1751,SEA 36-1751,4,36,7,7
1752,SEA 36-1752,4,36,7,7
1754,SEA 36-1754,4,36,7,7
1755,SEA 36-1755,4,36,7,7
1756,SEA 36-1756,4,36,7,7
1757,SEA 36-1757,4,36,7,7
1758,SEA 36-1758,4,36,7,7
1759,SEA 36-1759,4,36,7,7
1760,SEA 36-1760,4,36,7,7
1761,SEA 36-1761,4,36,7,7
1762,SEA 36-1762,4,36,7,7
1763,SEA 36-1763,4,36,7,7
1764,SEA 36-1764,4,36,7,7
1765,SEA 36-1765,4,36,7,7
1766,SEA 36-1766,4,36,7,7
1767,SEA 36-1767,4,36,7,7
1768,SEA 36-1768,4,36,7,7
1769,SEA 36-1769,4,36,7,7
1771,SEA 36-1771,4,36,7,7
1803,SEA 36-1803,4,36,7,7
1805,SEA 36-1805,4,36,7,7
1806,SEA 36-1806,4,36,7,7
1808,SEA 36-1808,4,36,7,7
1812,SEA 36-1812,4,36,7,7
1813,SEA 36-1813,4,36,7,7
1815,SEA 36-1815,4,36,7,7
1816,SEA 36-1816,4,36,7,7
2116,SEA 36-2116,4,36,7,6
2117,SEA 36-2117,4,36,7,6
2118,SEA 36-2118,4,36,7,6
2119,SEA 36-2119,4,36,7,6
2120,SEA 36-2120,4,36,7,6
2121,SEA 36-2121,4,36,7,6
2125,SEA 36-2125,4,36,7,5
2126,SEA 36-2126,4,36,7,5
2130,SEA 36-2130,4,36,7,5
2131,SEA 36-2131,4,36,7,5
2133,SEA 36-2133,4,36,7,5
2134,SEA 36-2134,4,36,7,5
2146,SEA 36-2146,4,36,7,6
2147,SEA 36-2147,4,36,7,6
2148,SEA 36-2148,4,36,7,6
2149,SEA 36-2149,4,36,7,6
2161,SEA 36-2161,4,36,7,6
2162,SEA 36-2162,4,36,7,6
2163,SEA 36-2163,4,36,7,6
2164,SEA 36-2164,4,36,7,6
2165,SEA 36-2165,4,36,7,6
2166,SEA 36-2166,4,36,7,6
2167,SEA 36-2167,4,36,7,6
2168,SEA 36-2168,4,36,7,6
2170,SEA 36-2170,4,36,7,6
2171,SEA 36-2171,4,36,7,6
2172,SEA 36-2172,4,36,7,6
2502,SEA 36-2502,4,36,7,6
2503,SEA 36-2503,4,36,7,6
2504,SEA 36-2504,4,36,7,6
2505,SEA 36-2505,4,36,7,6
2506,SEA 36-2506,4,36,7,6
2507,SEA 36-2507,4,36,7,6
2508,SEA 36-2508,4,36,7,6
2509,SEA 36-2509,4,36,7,6
2510,SEA 36-2510,4,36,7,6
2511,SEA 36-2511,4,36,7,6
2512,SEA 36-2512,4,36,7,6
2513,SEA 36-2513,4,36,7,6
2514,SEA 36-2514,4,36,7,6
2515,SEA 36-2515,4,36,7,6
2517,SEA 36-2517,4,36,7,5
2518,SEA 36-2518,4,36,7,5
2520,SEA 36-2520,4,36,7,5
2523,SEA 36-2523,4,36,7,5
2524,SEA 36-2524,4,36,7,6
2526,SEA 36-2526,4,36,7,6
2528,SEA 36-2528,4,36,7,5
2529,SEA 36-2529,4,36,7,5
2532,SEA 36-2532,4,36,7,5
2533,SEA 36-2533,4,36,7,5
2534,SEA 36-2534,4,36,7,5
2535,SEA 36-2535,4,36,7,5
2536,SEA 36-2536,4,36,7,5
2590,SEA 36-2590,4,36,7,6
2592,SEA 36-2592,4,36,7,6
2593,SEA 36-2593,4,36,7,6
2743,SEA 36-2743,4,36,7,6
2795,SEA 36-2795,4,36,7,7
3153,SEA 36-3153,4,36,7,5
3317,SEA 36-3317,4,36,7,6
3318,SEA 36-3318,4,36,7,6
3319,SEA 36-3319,4,36,7,7
3586,SEA 36-3586,4,36,7,6
3587,SEA 36-3587,4,36,7,7
3685,SEA 36-3685,4,36,7,6
3689,SEA 36-3689,4,36,7,7
3699,SEA 36-3699,4,36,7,6
3710,SEA 36-3710,4,36,7,6
3720,SEA 36-3720,4,36,7,7
3743,SEA 36-3743,4,36,7,6
3744,SEA 36-3744,4,36,7,5
3745,SEA 36-3745,4,36,7,7
3797,SEA 36-3797,4,36,7,7
3821,SEA 36-3821,4,36,7,6
3822,SEA 36-3822,4,36,7,7
3933,SEA 36-3933,4,36,7,7
3936,SEA 36-3936,4,36,7,7
3972,SEA 36-3972,4,36,7,5
1553,SEA 37-1553,2,37,9,2
1555,SEA 37-1555,2,37,9,2
1557,SEA 37-1557,2,37,9,2
1558,SEA 37-1558,2,37,9,2
1559,SEA 37-1559,2,37,9,2
1563,SEA 37-1563,2,37,9,2
1564,SEA 37-1564,2,37,9,2
1565,SEA 37-1565,2,37,9,2
1566,SEA 37-1566,2,37,9,2
1567,SEA 37-1567,2,37,9,2
1568,SEA 37-1568,2,37,9,2
1570,SEA 37-1570,2,37,9,2
1571,SEA 37-1571,2,37,9,2
1572,SEA 37-1572,2,37,9,2
1574,SEA 37-1574,2,37,9,2
1575,SEA 37-1575,2,37,9,2
1576,SEA 37-1576,2,37,9,2
1578,SEA 37-1578,2,37,9,2
1579,SEA 37-1579,2,37,9,2
1580,SEA 37-1580,2,37,9,2
1582,SEA 37-1582,2,37,9,2
1583,SEA 37-1583,2,37,9,2
1584,SEA 37-1584,2,37,9,2
1585,SEA 37-1585,2,37,9,2
1586,SEA 37-1586,2,37,9,2
1587,SEA 37-1587,2,37,9,2
1588,SEA 37-1588,2,37,9,2
1589,SEA 37-1589,2,37,9,2
1590,SEA 37-1590,2,37,9,2
1591,SEA 37-1591,2,37,9,2
1592,SEA 37-1592,2,37,9,2
1593,SEA 37-1593,2,37,9,2
1594,SEA 37-1594,2,37,9,2
1596,SEA 37-1596,2,37,9,2
1597,SEA 37-1597,2,37,9,2
1600,SEA 37-1600,2,37,9,2
1607,SEA 37-1607,2,37,9,2
1608,SEA 37-1608,2,37,9,2
1609,SEA 37-1609,2,37,9,2
1610,SEA 37-1610,2,37,9,2
1611,SEA 37-1611,2,37,9,2
1612,SEA 37-1612,2,37,9,2
1613,SEA 37-1613,2,37,9,2
1614,SEA 37-1614,2,37,9,2
1615,SEA 37-1615,2,37,9,2
1616,SEA 37-1616,2,37,9,2
1617,SEA 37-1617,2,37,9,2
1618,SEA 37-1618,2,37,9,2
1619,SEA 37-1619,2,37,9,2
1620,SEA 37-1620,2,37,9,2
1621,SEA 37-1621,2,37,9,2
1622,SEA 37-1622,2,37,9,2
1624,SEA 37-1624,2,37,9,2
1628,SEA 37-1628,2,37,9,2
1629,SEA 37-1629,2,37,9,2
1630,SEA 37-1630,2,37,9,2
1631,SEA 37-1631,2,37,9,2
1632,SEA 37-1632,2,37,9,2
1633,SEA 37-1633,2,37,9,2
1634,SEA 37-1634,2,37,9,2
1635,SEA 37-1635,2,37,9,2
1636,SEA 37-1636,2,37,9,2
1637,SEA 37-1637,2,37,9,2
1638,SEA 37-1638,2,37,9,2
1639,SEA 37-1639,2,37,9,2
1640,SEA 37-1640,2,37,9,2
1641,SEA 37-1641,2,37,9,2
1643,SEA 37-1643,2,37,9,2
1646,SEA 37-1646,2,37,9,2
1647,SEA 37-1647,2,37,9,2
1648,SEA 37-1648,2,37,9,2
1650,SEA 37-1650,2,37,9,2
1651,SEA 37-1651,2,37,9,2
1652,SEA 37-1652,2,37,9,2
1825,SEA 37-1825,8,37,9,2
1827,SEA 37-1827,2,37,9,3
1831,SEA 37-1831,2,37,9,3
1833,SEA 37-1833,2,37,9,3
1834,SEA 37-1834,2,37,9,2
1838,SEA 37-1838,2,37,9,3
1839,SEA 37-1839,2,37,9,3
1840,SEA 37-1840,2,37,9,2
1841,SEA 37-1841,2,37,9,2
1850,SEA 37-1850,2,37,9,2
1853,SEA 37-1853,2,37,9,3
1854,SEA 37-1854,2,37,9,2
1862,SEA 37-1862,8,37,9,3
1863,SEA 37-1863,2,37,7,3
1864,SEA 37-1864,8,37,9,2
1871,SEA 37-1871,2,37,9,2
1872,SEA 37-1872,2,37,9,3
1875,SEA 37-1875,8,37,7,3
1876,SEA 37-1876,2,37,9,3
1879,SEA 37-1879,2,37,9,3
1880,SEA 37-1880,2,37,9,3
1881,SEA 37-1881,2,37,9,3
1882,SEA 37-1882,2,37,9,3
1883,SEA 37-1883,2,37,9,3
1884,SEA 37-1884,2,37,7,3
1885,SEA 37-1885,2,37,9,3
1886,SEA 37-1886,2,37,7,3
1890,SEA 37-1890,2,37,9,2
1891,SEA 37-1891,2,37,9,2
1892,SEA 37-1892,2,37,7,3
1894,SEA 37-1894,2,37,7,3
1895,SEA 37-1895,2,37,9,3
1896,SEA 37-1896,2,37,7,3
1897,SEA 37-1897,8,37,9,2
1898,SEA 37-1898,2,37,9,3
1899,SEA 37-1899,2,37,9,3
1900,SEA 37-1900,2,37,9,3
1902,SEA 37-1902,2,37,7,3
1903,SEA 37-1903,2,37,7,3
1906,SEA 37-1906,2,37,7,3
1907,SEA 37-1907,2,37,7,3
1913,SEA 37-1913,2,37,7,3
1914,SEA 37-1914,2,37,7,3
1916,SEA 37-1916,2,37,7,3
1917,SEA 37-1917,2,37,7,3
1918,SEA 37-1918,2,37,9,3
1919,SEA 37-1919,2,37,9,3
1920,SEA 37-1920,2,37,9,3
1925,SEA 37-1925,2,37,9,2
1927,SEA 37-1927,2,37,9,2
1930,SEA 37-1930,2,37,9,2
1932,SEA 37-1932,2,37,9,2
1934,SEA 37-1934,2,37,9,2
1935,SEA 37-1935,2,37,9,2
1936,SEA 37-1936,2,37,9,2
1938,SEA 37-1938,2,37,9,2
1940,SEA 37-1940,2,37,9,2
1941,SEA 37-1941,2,37,9,2
1942,SEA 37-1942,2,37,9,2
1944,SEA 37-1944,2,37,9,2
1945,SEA 37-1945,2,37,9,2
1947,SEA 37-1947,2,37,9,2
2686,SEA 37-2686,8,37,9,2
2799,SEA 37-2799,2,37,9,3
3159,SEA 37-3159,2,37,9,2
3567,SEA 37-3567,2,37,9,2
3573,SEA 37-3573,8,37,9,3
3580,SEA 37-3580,2,37,9,2
3636,SEA 37-3636,2,37,9,2
3639,SEA 37-3639,2,37,9,2
3666,SEA 37-3666,2,37,9,2
3672,SEA 37-3672,2,37,9,3
3673,SEA 37-3673,2,37,9,3
3696,SEA 37-3696,2,37,9,2
3708,SEA 37-3708,8,37,9,2
3721,SEA 37-3721,2,37,9,3
3729,SEA 37-3729,2,37,9,3
3730,SEA 37-3730,2,37,9,2
3731,SEA 37-3731,2,37,9,2
3732,SEA 37-3732,2,37,9,2
3775,SEA 37-3775,8,37,9,2
3796,SEA 37-3796,2,37,9,2
3802,SEA 37-3802,2,37,9,2
3810,SEA 37-3810,2,37,9,2
3816,SEA 37-3816,2,37,9,2
3817,SEA 37-3817,2,37,9,2
3818,SEA 37-3818,2,37,9,3
3840,SEA 37-3840,8,37,9,2
3871,SEA 37-3871,2,37,9,2
3872,SEA 37-3872,2,37,9,2
3939,SEA 37-3939,2,37,9,2
3946,SEA 37-3946,2,37,9,2
3948,SEA 37-3948,2,37,9,2
3956,SEA 37-3956,8,37,9,2
3966,SEA 37-3966,2,37,7,3
3967,SEA 37-3967,2,37,9,3
3969,SEA 37-3969,8,37,7,1
3993,SEA 37-3993,2,37,9,2
1335,SEA 43-1335,4,43,7,6
1348,SEA 43-1348,4,43,7,6
1349,SEA 43-1349,4,43,7,6
1350,SEA 43-1350,4,43,7,6
1351,SEA 43-1351,4,43,7,6
1352,SEA 43-1352,4,43,7,6
1353,SEA 43-1353,4,43,7,6
1354,SEA 43-1354,4,43,7,6
1359,SEA 43-1359,4,43,7,4
1360,SEA 43-1360,4,43,7,4
1361,SEA 43-1361,4,43,7,4
1362,SEA 43-1362,4,43,7,4
1363,SEA 43-1363,4,43,7,4
1364,SEA 43-1364,4,43,7,4
1365,SEA 43-1365,4,43,7,4
1366,SEA 43-1366,4,43,7,4
1367,SEA 43-1367,4,43,7,4
1368,SEA 43-1368,4,43,7,4
1372,SEA 43-1372,4,43,7,4
1373,SEA 43-1373,4,43,7,4
1374,SEA 43-1374,4,43,7,4
1375,SEA 43-1375,4,43,7,4
1376,SEA 43-1376,4,43,7,4
1377,SEA 43-1377,4,43,7,4
1378,SEA 43-1378,4,43,7,4
1379,SEA 43-1379,4,43,7,4
1380,SEA 43-1380,4,43,7,4
1772,SEA 43-1772,4,43,7,7
1773,SEA 43-1773,4,43,7,7
1774,SEA 43-1774,8,43,7,7
1775,SEA 43-1775,4,43,7,7
1776,SEA 43-1776,8,43,7,7
1779,SEA 43-1779,8,43,7,7
1780,SEA 43-1780,8,43,7,7
1781,SEA 43-1781,8,43,7,3
1783,SEA 43-1783,8,43,7,3
1784,SEA 43-1784,8,43,7,3
1787,SEA 43-1787,8,43,7,3
1788,SEA 43-1788,8,43,7,3
1801,SEA 43-1801,4,43,7,7
1817,SEA 43-1817,2,43,7,3
1818,SEA 43-1818,2,43,7,3
1819,SEA 43-1819,2,43,7,3
1821,SEA 43-1821,2,43,7,3
1824,SEA 43-1824,2,43,7,3
1826,SEA 43-1826,2,43,7,3
1835,SEA 43-1835,8,43,7,3
1842,SEA 43-1842,8,43,7,3
1843,SEA 43-1843,8,43,7,3
1845,SEA 43-1845,8,43,7,3
1846,SEA 43-1846,8,43,7,3
1847,SEA 43-1847,8,43,7,3
1849,SEA 43-1849,2,43,7,3
1851,SEA 43-1851,2,43,7,3
1855,SEA 43-1855,2,43,7,3
1856,SEA 43-1856,2,43,7,3
1857,SEA 43-1857,8,43,7,3
1858,SEA 43-1858,2,43,7,3
1859,SEA 43-1859,8,43,7,3
1860,SEA 43-1860,8,43,7,3
1861,SEA 43-1861,2,43,7,3
1867,SEA 43-1867,8,43,7,3
1868,SEA 43-1868,2,43,7,3
1869,SEA 43-1869,2,43,7,3
1870,SEA 43-1870,2,43,7,3
1874,SEA 43-1874,2,43,7,3
1887,SEA 43-1887,2,43,7,3
1888,SEA 43-1888,2,43,7,3
1889,SEA 43-1889,2,43,7,3
1893,SEA 43-1893,2,43,7,3
1910,SEA 43-1910,2,43,7,3
1911,SEA 43-1911,2,43,7,3
1962,SEA 43-1962,2,43,7,4
1963,SEA 43-1963,2,43,7,4
1968,SEA 43-1968,2,43,7,4
1969,SEA 43-1969,2,43,7,4
1970,SEA 43-1970,2,43,7,4
1971,SEA 43-1971,2,43,7,4
1974,SEA 43-1974,2,43,7,4
1976,SEA 43-1976,2,43,7,4
1977,SEA 43-1977,2,43,7,4
1978,SEA 43-1978,2,43,7,4
1980,SEA 43-1980,2,43,7,4
1982,SEA 43-1982,2,43,7,3
1983,SEA 43-1983,2,43,7,3
1986,SEA 43-1986,2,43,7,3
1990,SEA 43-1990,2,43,7,3
1991,SEA 43-1991,2,43,7,3
1992,SEA 43-1992,2,43,7,3
1993,SEA 43-1993,2,43,7,3
1994,SEA 43-1994,2,43,7,3
1995,SEA 43-1995,2,43,7,3
1996,SEA 43-1996,2,43,7,3
1997,SEA 43-1997,2,43,7,3
1999,SEA 43-1999,2,43,7,3
2000,SEA 43-2000,2,43,7,3
2001,SEA 43-2001,2,43,7,3
2002,SEA 43-2002,2,43,7,3
2004,SEA 43-2004,2,43,7,3
2006,SEA 43-2006,2,43,7,3
2007,SEA 43-2007,2,43,7,3
2008,SEA 43-2008,2,43,7,3
2009,SEA 43-2009,2,43,7,3
2011,SEA 43-2011,2,43,7,3
2013,SEA 43-2013,2,43,7,3
2014,SEA 43-2014,2,43,7,3
2015,SEA 43-2015,2,43,7,3
2016,SEA 43-2016,2,43,7,3
2017,SEA 43-2017,2,43,7,3
2018,SEA 43-2018,2,43,7,3
2020,SEA 43-2020,2,43,7,3
2021,SEA 43-2021,2,43,7,3
2023,SEA 43-2023,2,43,7,4
2024,SEA 43-2024,2,43,7,4
2025,SEA 43-2025,2,43,7,3
2026,SEA 43-2026,2,43,7,3
2027,SEA 43-2027,2,43,7,3
2028,SEA 43-2028,2,43,7,3
2029,SEA 43-2029,2,43,7,3
2033,SEA 43-2033,2,43,7,3
2034,SEA 43-2034,2,43,7,3
2035,SEA 43-2035,2,43,7,3
2037,SEA 43-2037,2,43,7,3
2038,SEA 43-2038,2,43,7,3
2039,SEA 43-2039,2,43,7,3
2040,SEA 43-2040,2,43,7,3
2043,SEA 43-2043,2,43,7,4
2052,SEA 43-2052,2,43,7,4
2055,SEA 43-2055,2,43,7,4
2057,SEA 43-2057,2,43,7,4
2058,SEA 43-2058,2,43,7,3
2059,SEA 43-2059,2,43,7,3
2061,SEA 43-2061,2,43,7,3
2064,SEA 43-2064,2,43,7,4
2090,SEA 43-2090,2,43,7,4
2104,SEA 43-2104,2,43,7,3
2105,SEA 43-2105,2,43,7,3
2113,SEA 43-2113,2,43,7,4
2115,SEA 43-2115,2,43,7,4
2541,SEA 43-2541,8,43,7,3
2542,SEA 43-2542,8,43,7,3
2543,SEA 43-2543,2,43,7,3
2544,SEA 43-2544,4,43,7,7
2545,SEA 43-2545,2,43,7,3
2546,SEA 43-2546,2,43,7,3
2547,SEA 43-2547,8,43,7,3
2549,SEA 43-2549,8,43,7,3
2550,SEA 43-2550,8,43,7,3
2749,SEA 43-2749,4,43,7,7
2750,SEA 43-2750,4,43,7,7
2850,SEA 43-2850,4,43,7,6
2852,SEA 43-2852,8,43,7,3
2853,SEA 43-2853,8,43,7,3
2861,SEA 43-2861,2,43,7,3
2862,SEA 43-2862,8,43,7,7
2928,SEA 43-2928,2,43,7,3
3267,SEA 43-3267,4,43,7,7
3320,SEA 43-3320,8,43,7,7
3341,SEA 43-3341,4,43,7,7
3345,SEA 43-3345,4,43,7,7
3424,SEA 43-3424,2,43,7,3
3496,SEA 43-3496,4,43,7,7
3566,SEA 43-3566,4,43,7,7
3570,SEA 43-3570,4,43,7,7
3571,SEA 43-3571,8,43,7,7
3595,SEA 43-3595,8,43,7,3
3605,SEA 43-3605,4,43,7,7
3628,SEA 43-3628,8,43,7,7
3665,SEA 43-3665,8,43,7,7
3669,SEA 43-3669,4,43,7,7
3679,SEA 43-3679,4,43,7,7
3686,SEA 43-3686,8,43,7,7
3700,SEA 43-3700,4,43,7,7
3701,SEA 43-3701,4,43,7,7
3705,SEA 43-3705,4,43,7,7
3719,SEA 43-3719,8,43,7,7
3747,SEA 43-3747,8,43,7,7
3748,SEA 43-3748,4,43,7,4
3749,SEA 43-3749,4,43,7,7
3750,SEA 43-3750,4,43,7,7
3776,SEA 43-3776,8,43,7,3
3787,SEA 43-3787,4,43,7,4
3803,SEA 43-3803,2,43,7,3
3804,SEA 43-3804,8,43,7,3
3807,SEA 43-3807,8,43,7,7
3875,SEA 43-3875,4,43,7,7
3876,SEA 43-3876,8,43,7,7
3877,SEA 43-3877,4,43,7,7
3934,SEA 43-3934,8,43,7,7
3947,SEA 43-3947,8,43,7,3
3949,SEA 43-3949,2,43,7,3
3951,SEA 43-3951,4,43,7,4
3974,SEA 43-3974,8,43,9,3
3975,SEA 43-3975,8,43,7,7
3997,SEA 43-3997,8,43,9,3
1262,SEA 46-1262,2,46,7,6
1263,SEA 46-1263,4,46,7,6
1264,SEA 46-1264,4,46,7,6
1265,SEA 46-1265,4,46,7,6
1266,SEA 46-1266,4,46,7,6
1267,SEA 46-1267,4,46,7,6
1268,SEA 46-1268,4,46,7,6
1269,SEA 46-1269,4,46,7,6
1271,SEA 46-1271,2,46,7,4
1272,SEA 46-1272,4,46,7,6
1274,SEA 46-1274,4,46,7,6
1275,SEA 46-1275,4,46,7,6
1277,SEA 46-1277,4,46,7,6
1278,SEA 46-1278,4,46,7,6
1279,SEA 46-1279,1,46,7,4
1280,SEA 46-1280,4,46,7,6
1282,SEA 46-1282,4,46,7,6
1283,SEA 46-1283,4,46,7,6
1284,SEA 46-1284,4,46,7,6
1285,SEA 46-1285,4,46,7,6
1292,SEA 46-1292,4,46,7,6
1300,SEA 46-1300,4,46,7,6
1309,SEA 46-1309,4,46,7,6
1310,SEA 46-1310,4,46,7,6
1311,SEA 46-1311,4,46,7,5
1312,SEA 46-1312,4,46,7,6
1313,SEA 46-1313,4,46,7,6
1314,SEA 46-1314,4,46,7,6
1357,SEA 46-1357,4,46,7,4
1358,SEA 46-1358,4,46,7,4
1369,SEA 46-1369,4,46,7,4
1370,SEA 46-1370,4,46,7,4
1371,SEA 46-1371,4,46,7,4
1400,SEA 46-1400,4,46,7,5
1401,SEA 46-1401,4,46,7,5
1402,SEA 46-1402,4,46,7,5
1403,SEA 46-1403,4,46,7,5
1404,SEA 46-1404,4,46,7,5
1406,SEA 46-1406,4,46,7,6
1952,SEA 46-1952,2,46,7,4
1953,SEA 46-1953,2,46,7,4
1954,SEA 46-1954,2,46,7,4
1955,SEA 46-1955,1,46,7,4
1957,SEA 46-1957,1,46,7,4
1959,SEA 46-1959,1,46,7,4
1961,SEA 46-1961,2,46,7,4
1964,SEA 46-1964,2,46,7,4
1965,SEA 46-1965,2,46,7,4
1966,SEA 46-1966,2,46,7,4
1967,SEA 46-1967,2,46,7,4
1975,SEA 46-1975,2,46,7,4
2044,SEA 46-2044,2,46,7,4
2045,SEA 46-2045,2,46,7,4
2047,SEA 46-2047,2,46,7,6
2048,SEA 46-2048,2,46,7,4
2049,SEA 46-2049,2,46,7,4
2050,SEA 46-2050,2,46,7,4
2056,SEA 46-2056,2,46,7,4
2065,SEA 46-2065,2,46,7,4
2068,SEA 46-2068,2,46,7,4
2069,SEA 46-2069,1,46,7,4
2071,SEA 46-2071,2,46,7,4
2074,SEA 46-2074,2,46,7,4
2075,SEA 46-2075,2,46,7,4
2076,SEA 46-2076,2,46,7,4
2081,SEA 46-2081,2,46,7,4
2083,SEA 46-2083,2,46,7,4
2084,SEA 46-2084,2,46,7,4
2088,SEA 46-2088,2,46,7,4
2089,SEA 46-2089,2,46,7,4
2091,SEA 46-2091,2,46,7,4
2092,SEA 46-2092,2,46,7,4
2093,SEA 46-2093,2,46,7,4
2094,SEA 46-2094,2,46,7,4
2095,SEA 46-2095,2,46,7,4
2096,SEA 46-2096,2,46,7,4
2097,SEA 46-2097,2,46,7,4
2098,SEA 46-2098,2,46,7,4
2099,SEA 46-2099,2,46,7,4
2100,SEA 46-2100,2,46,7,4
2109,SEA 46-2109,2,46,7,4
2110,SEA 46-2110,2,46,7,4
2127,SEA 46-2127,4,46,7,5
2128,SEA 46-2128,4,46,7,5
2129,SEA 46-2129,4,46,7,5
2142,SEA 46-2142,1,46,7,5
2143,SEA 46-2143,1,46,7,5
2145,SEA 46-2145,1,46,7,5
2152,SEA 46-2152,1,46,7,5
2228,SEA 46-2228,4,46,7,5
2231,SEA 46-2231,1,46,7,4
2234,SEA 46-2234,1,46,7,4
2236,SEA 46-2236,1,46,7,4
2237,SEA 46-2237,1,46,7,4
2238,SEA 46-2238,1,46,7,4
2239,SEA 46-2239,1,46,7,4
2240,SEA 46-2240,1,46,7,4
2243,SEA 46-2243,1,46,7,4
2244,SEA 46-2244,1,46,7,4
2245,SEA 46-2245,1,46,7,4
2247,SEA 46-2247,1,46,7,4
2249,SEA 46-2249,1,46,7,4
2251,SEA 46-2251,1,46,7,4
2252,SEA 46-2252,1,46,7,4
2253,SEA 46-2253,1,46,7,4
2257,SEA 46-2257,1,46,7,4
2260,SEA 46-2260,1,46,7,4
2261,SEA 46-2261,1,46,7,4
2263,SEA 46-2263,1,46,7,4
2264,SEA 46-2264,1,46,7,4
2266,SEA 46-2266,1,46,7,4
2267,SEA 46-2267,1,46,7,4
2268,SEA 46-2268,1,46,7,5
2269,SEA 46-2269,1,46,7,4
2270,SEA 46-2270,1,46,7,4
2271,SEA 46-2271,1,46,7,4
2272,SEA 46-2272,1,46,7,4
2274,SEA 46-2274,1,46,7,4
2275,SEA 46-2275,1,46,7,4
2276,SEA 46-2276,1,46,7,4
2277,SEA 46-2277,1,46,7,4
2280,SEA 46-2280,1,46,7,4
2282,SEA 46-2282,1,46,7,5
2283,SEA 46-2283,1,46,7,5
2285,SEA 46-2285,1,46,7,4
2286,SEA 46-2286,1,46,7,4
2289,SEA 46-2289,1,46,7,4
2290,SEA 46-2290,1,46,7,4
2291,SEA 46-2291,1,46,7,4
2292,SEA 46-2292,1,46,7,5
2293,SEA 46-2293,1,46,7,5
2295,SEA 46-2295,1,46,7,5
2296,SEA 46-2296,1,46,7,5
2297,SEA 46-2297,1,46,7,5
2298,SEA 46-2298,1,46,7,5
2299,SEA 46-2299,1,46,7,5
2302,SEA 46-2302,1,46,7,4
2303,SEA 46-2303,1,46,7,5
2304,SEA 46-2304,1,46,7,5
2305,SEA 46-2305,1,46,7,5
2306,SEA 46-2306,1,46,7,5
2307,SEA 46-2307,1,46,7,5
2308,SEA 46-2308,1,46,7,5
2309,SEA 46-2309,1,46,7,5
2310,SEA 46-2310,1,46,7,5
2311,SEA 46-2311,1,46,7,5
2313,SEA 46-2313,1,46,7,5
2314,SEA 46-2314,1,46,7,5
2316,SEA 46-2316,1,46,7,5
2317,SEA 46-2317,1,46,7,5
2318,SEA 46-2318,1,46,7,5
2319,SEA 46-2319,1,46,7,5
2320,SEA 46-2320,1,46,7,5
2321,SEA 46-2321,1,46,7,5
2322,SEA 46-2322,1,46,7,5
2323,SEA 46-2323,1,46,7,5
2324,SEA 46-2324,1,46,7,5
2325,SEA 46-2325,1,46,7,5
2326,SEA 46-2326,1,46,7,5
2327,SEA 46-2327,1,46,7,5
2328,SEA 46-2328,1,46,7,5
2330,SEA 46-2330,1,46,7,5
2332,SEA 46-2332,1,46,7,5
2333,SEA 46-2333,1,46,7,5
2334,SEA 46-2334,1,46,7,5
2335,SEA 46-2335,1,46,7,5
2336,SEA 46-2336,1,46,7,5
2337,SEA 46-2337,1,46,7,5
2338,SEA 46-2338,1,46,7,5
2339,SEA 46-2339,1,46,7,5
2340,SEA 46-2340,1,46,7,5
2341,SEA 46-2341,1,46,7,5
2342,SEA 46-2342,1,46,7,5
2343,SEA 46-2343,1,46,7,5
2344,SEA 46-2344,1,46,7,5
2345,SEA 46-2345,1,46,7,5
2346,SEA 46-2346,1,46,7,5
2347,SEA 46-2347,1,46,7,5
2348,SEA 46-2348,1,46,7,5
2349,SEA 46-2349,1,46,7,5
2350,SEA 46-2350,1,46,7,5
2351,SEA 46-2351,1,46,7,5
2352,SEA 46-2352,1,46,7,5
2353,SEA 46-2353,1,46,7,5
2355,SEA 46-2355,1,46,7,5
2357,SEA 46-2357,1,46,7,5
2358,SEA 46-2358,1,46,7,5
2359,SEA 46-2359,4,46,7,5
2360,SEA 46-2360,4,46,7,5
2361,SEA 46-2361,1,46,7,5
2363,SEA 46-2363,1,46,7,5
2364,SEA 46-2364,1,46,7,5
2366,SEA 46-2366,1,46,7,5
2367,SEA 46-2367,1,46,7,5
2369,SEA 46-2369,1,46,7,5
2370,SEA 46-2370,1,46,7,5
2371,SEA 46-2371,1,46,7,5
2373,SEA 46-2373,1,46,7,5
2375,SEA 46-2375,1,46,7,4
2377,SEA 46-2377,1,46,7,4
2378,SEA 46-2378,1,46,7,4
2379,SEA 46-2379,1,46,7,5
2500,SEA 46-2500,1,46,7,5
2537,SEA 46-2537,4,46,7,5
2619,SEA 46-2619,4,46,7,5
2796,SEA 46-2796,1,46,7,5
2987,SEA 46-2987,2,46,7,4
3252,SEA 46-3252,4,46,7,5
3262,SEA 46-3262,4,46,7,6
3677,SEA 46-3677,1,46,7,5
3728,SEA 46-3728,1,46,7,5
3788,SEA 46-3788,4,46,7,6
3798,SEA 46-3798,1,46,7,4
3805,SEA 46-3805,2,46,7,4
3815,SEA 46-3815,1,46,7,5
3950,SEA 46-3950,2,46,7,4
3952,SEA 46-3952,1,46,7,4
3959,SEA 46-3959,1,46,7,5
3981,SEA 46-3981,2,46,7,4
3410,SEALTH,8,34,7,
2742,SEAN,3,5,8,
1061,SEAVIEW,8,34,7,
3820,SEIDEL CREEK,3,45,8,
1062,SELLECK,9,5,8,
2831,SERENIDAD,7,30,9,
1031,SET 33-1031,5,33,9,
3057,SET 33-3057,5,33,9,
3059,SET 33-3059,5,33,9,
3060,SET 33-3060,5,33,9,
3061,SET 33-3061,5,33,9,
3062,SET 33-3062,5,33,9,
3063,SET 33-3063,5,33,9,
3065,SET 33-3065,5,33,9,
3066,SET 33-3066,5,33,9,
3068,SET 33-3068,5,33,9,
3069,SET 33-3069,5,33,9,
3070,SET 33-3070,5,33,9,
3073,SET 33-3073,5,33,9,
3074,SET 33-3074,5,33,9,
3075,SET 33-3075,5,33,9,
3076,SET 33-3076,5,33,9,
3081,SET 33-3081,5,33,9,
3100,SET 33-3100,5,33,9,
3101,SET 33-3101,5,33,9,
3102,SET 33-3102,5,33,9,
3104,SET 33-3104,5,33,9,
3107,SET 33-3107,5,33,9,
3618,SET 33-3618,5,33,9,
3704,SET 33-3704,5,33,9,
3774,SET 33-3774,5,33,9,
3953,SET 33-3953,5,33,9,
3995,SET 33-3995,5,33,9,
1068,SHADOW LAKE,9,47,8,
3841,SHADY LAKE,9,5,8,
1069,SHAMROCK,2,37,9,
1070,SHANGRI-LA,3,45,8,
1073,SHAWNEE,8,34,7,
2908,SHEFFIELD,3,45,8,
0001,SHL 32-0001,1,32,7,
0012,SHL 32-0012,1,32,7,
0024,SHL 32-0024,1,32,7,
0038,SHL 32-0038,1,32,7,
0088,SHL 32-0088,1,32,7,
0232,SHL 32-0232,1,32,7,
0241,SHL 32-0241,1,32,7,
0267,SHL 32-0267,1,32,7,
0274,SHL 32-0274,1,32,7,
0277,SHL 32-0277,1,32,7,
0296,SHL 32-0296,1,32,7,
0319,SHL 32-0319,1,32,7,
0335,SHL 32-0335,1,32,7,
0346,SHL 32-0346,1,32,7,
0357,SHL 32-0357,1,32,7,
0368,SHL 32-0368,1,32,7,
0378,SHL 32-0378,1,32,7,
0396,SHL 32-0396,1,32,7,
0401,SHL 32-0401,1,32,7,
0407,SHL 32-0407,1,32,7,
0423,SHL 32-0423,1,32,7,
0424,SHL 32-0424,1,32,7,
0444,SHL 32-0444,1,32,7,
0454,SHL 32-0454,1,32,7,
0462,SHL 32-0462,1,32,7,
0470,SHL 32-0470,1,32,7,
0474,SHL 32-0474,1,32,7,
0486,SHL 32-0486,1,32,7,
0488,SHL 32-0488,1,32,7,
0494,SHL 32-0494,1,32,7,
0499,SHL 32-0499,1,32,7,
0510,SHL 32-0510,1,32,7,
0514,SHL 32-0514,1,32,7,
0519,SHL 32-0519,1,32,7,
0527,SHL 32-0527,1,32,7,
0530,SHL 32-0530,1,32,7,
0537,SHL 32-0537,1,32,7,
0538,SHL 32-0538,1,32,7,
0558,SHL 32-0558,1,32,7,
0559,SHL 32-0559,1,32,7,
0605,SHL 32-0605,1,32,7,
0606,SHL 32-0606,1,32,7,
0609,SHL 32-0609,1,32,7,
0648,SHL 32-0648,1,32,7,
0665,SHL 32-0665,1,32,7,
0692,SHL 32-0692,1,32,7,
0711,SHL 32-0711,1,32,7,
0735,SHL 32-0735,1,32,7,
0754,SHL 32-0754,1,32,7,
0802,SHL 32-0802,1,32,7,
0819,SHL 32-0819,1,32,7,
0832,SHL 32-0832,1,32,7,
0844,SHL 32-0844,1,32,7,
0861,SHL 32-0861,1,32,7,
0866,SHL 32-0866,1,32,7,
0875,SHL 32-0875,1,32,7,
0888,SHL 32-0888,1,32,7,
0895,SHL 32-0895,1,32,7,
0897,SHL 32-0897,1,32,7,
0898,SHL 32-0898,1,32,7,
0903,SHL 32-0903,1,32,7,
0914,SHL 32-0914,1,32,7,
0917,SHL 32-0917,1,32,7,
0920,SHL 32-0920,1,32,7,
0921,SHL 32-0921,1,32,7,
1020,SHL 32-1020,1,32,7,
1021,SHL 32-1021,1,32,7,
1030,SHL 32-1030,1,32,7,
1038,SHL 32-1038,1,32,7,
1053,SHL 32-1053,1,32,7,
1077,SHL 32-1077,1,32,7,
1080,SHL 32-1080,1,32,7,
1101,SHL 32-1101,1,32,7,
1106,SHL 32-1106,1,32,7,
1140,SHL 32-1140,1,32,7,
1158,SHL 32-1158,1,32,7,
1168,SHL 32-1168,1,32,7,
1178,SHL 32-1178,1,32,7,
1197,SHL 32-1197,1,32,7,
1209,SHL 32-1209,1,32,7,
1210,SHL 32-1210,1,32,7,
1228,SHL 32-1228,1,32,7,
1236,SHL 32-1236,1,32,7,
2552,SHL 32-2552,1,32,7,
2753,SHL 32-2753,1,32,7,
3363,SHL 32-3363,1,32,7,
3556,SHL 32-3556,1,32,7,
3925,SHL 32-3925,1,32,7,
1088,SI VIEW,3,5,8,
1084,SIERRA,9,31,8,
1085,SILVER SPURS,6,48,1,
1091,SKY 12-1091,3,12,8,
3857,SKYWAY,2,37,9,
2616,SNO PASS,3,12,8,
1099,SNO-VALLEY,3,12,8,
3983,SNOW,3,45,8,
1097,SNQ 05-1097,3,5,8,
3151,SNQ 05-3151,3,5,8,
3409,SNQ 05-3409,3,5,8,
3511,SNQ 05-3511,3,5,8,
3512,SNQ 05-3512,3,5,8,
3513,SNQ 05-3513,3,5,8,
3514,SNQ 05-3514,3,5,8,
3558,SNQ 05-3558,3,5,8,
3560,SNQ 05-3560,3,5,8,
3633,SNQ 05-3633,3,5,8,
3667,SNQ 05-3667,3,5,8,
3703,SNQ 05-3703,3,5,8,
3734,SNQ 05-3734,3,5,8,
3829,SNQ 05-3829,3,5,8,
3918,SNQ 05-3918,3,5,8,
1107,SPIDER LAKE,7,30,9,
1110,SPRING LAKE,9,5,8,
1113,SQUAK MOUNTAIN,9,5,8,
1114,STACY,7,33,9,
1117,STAR LAKE,7,30,9,
3569,STEED,3,45,8,
3924,STERLING,7,30,9,
1121,STEVENS,3,12,8,
1122,STILLWATER,3,12,8,
1131,SUNNYWOOD,8,34,7,
3557,SUNSET,9,5,8,
3480,SWAN LAKE,3,45,8,
2859,SWEENEY,9,47,8,
1135,SYLVAN,8,34,7,
1138,TAHLEQUAH,8,34,7,
1139,TAHOMA,9,5,8,
1141,TANNER,9,5,8,
3329,THISTLE,7,30,9,
2746,THOMAS,7,30,9,
3773,THURNAU,8,34,7,
1152,TIGER MTN,9,5,8,
2986,TIMBER,9,11,9,
1156,TOLT,3,12,8,
3762,TOOEY,9,5,8,
2417,TOTEM,7,30,9,
3735,TREEMONT,3,12,8,
3211,TRILLIUM,3,45,8,
3863,TRILOGY,3,45,8,
1159,TROUT LAKE,7,30,9,
1164,TUK 11-1164,5,11,9,
1165,TUK 11-1165,8,11,9,
1166,TUK 11-1166,8,11,9,
1167,TUK 11-1167,5,11,9,
2453,TUK 11-2453,5,11,9,
2751,TUK 11-2751,5,11,9,
2752,TUK 11-2752,5,11,9,
2949,TUK 11-2949,2,11,9,
2951,TUK 11-2951,8,11,9,
2952,TUK 11-2952,5,11,9,
2955,TUK 11-2955,5,11,9,
2956,TUK 11-2956,5,11,9,
3127,TUK 11-3127,8,11,9,
3128,TUK 11-3128,8,11,9,
3233,TUK 11-3233,5,11,9,
3393,TUK 11-3393,5,11,9,
3499,TUK 11-3499,2,11,9,
3907,TUK 11-3907,8,11,9,
3908,TUK 11-3908,5,11,9,
3916,TUK 11-3916,8,11,9,
3937,TUK 11-3937,8,11,9,
3938,TUK 11-3938,8,11,9,
3150,TWIN PEAKS,3,12,8,
3561,TWINBERRY,3,45,8,
1172,TWO RIVERS,3,5,8,
1179,UNION HILL,3,45,8,
1183,VALENCIA,9,5,8,
1187,VASHON,8,34,7,
1188,VEAZIE,9,5,8,
1191,VINCENT,3,45,8,
1195,WABASH,9,31,8,
1196,WALLACE,2,37,9,
1198,WANDA,9,11,9,
3545,WEBSTER,3,45,8,
2600,WEEKS,3,45,8,
3522,WELCOME LAKE,3,45,8,
1212,WESTWOOD,7,30,9,
1215,WHITE CENTER,8,34,7,
1216,WHITE RIVER,9,31,8,
3451,WINTERGREEN,3,45,1,
0676,WOD 01-0676,3,1,1,
0926,WOD 01-0926,3,1,1,
1205,WOD 01-1205,3,1,1,
1225,WOD 01-1225,3,1,1,
2597,WOD 01-2597,3,1,1,
2680,WOD 01-2680,3,1,1,
2734,WOD 01-2734,3,1,1,
2769,WOD 01-2769,3,1,1,
3192,WOD 01-3192,3,1,1,
3193,WOD 01-3193,3,1,1,
3270,WOD 01-3270,3,1,1,
3530,WOD 01-3530,3,1,1,
3725,WOD 01-3725,3,1,1,
3915,WOD 01-3915,3,1,1,
2589,WOLF,3,5,8,
3509,WOODSIDE,9,11,8,
1230,WYNOCHE,9,31,8,
1231,WYNONA,8,34,7,
1233,YPT 48-1233,6,48,1,
1234,YPT 48-1234,6,48,1,